review_id,customer_id,product_id,order_id,rating,review_text,review_date,helpful_votes
1,349,212.0,1999,4,Very good,2021-09-23,39
2,842,445.0,1075,3,Does the job,2021-10-22,11
4,647,191.0,1427,5,Excellent product!,2023-05-31,43
5,157,440.0,1367,5,Excellent product!,2023-12-01,9
6,61,1.0,2201,5,Amazing value,2023-02-08,1
7,883,57.0,291,5,Excellent product!,2024-04-10,35
8,284,349.0,364,1,Waste of money,2022-11-12,0
9,95,436.0,864,4,Good quality,2021-04-26,19
10,40,458.0,74,5,Perfect quality,2024-01-07,25
11,298,335.0,2144,4,Nice product,2021-05-24,2
13,835,197.0,606,5,Excellent product!,2021-06-09,5
15,264,329.0,2265,4,Nice product,2022-05-19,21
18,557,360.0,1623,4,Good quality,2024-02-21,2
19,724,207.0,1871,2,Below expectations,2022-08-17,40
20,446,488.0,2074,5,Highly recommend,2023-09-15,8
21,683,43.0,1576,3,Decent product,2024-02-11,33
22,677,487.0,1166,4,Nice product,2024-01-09,46
23,315,489.0,600,5,Perfect quality,2022-01-27,44
24,415,440.0,2300,5,Amazing value,2024-03-03,15
25,731,173.0,1442,2,Below expectations,2022-01-14,3
26,161,3.0,534,4,Satisfied with purchase,2023-07-10,8
27,84,52.0,2355,5,Excellent product!,2023-01-26,5
28,121,452.0,975,5,Love it!,2024-05-19,24
29,565,414.0,440,1,Very poor quality,2023-10-05,37
30,456,41.0,404,3,Could be better,2024-03-24,5
32,871,350.0,2119,5,Amazing value,2023-10-08,13
33,964,376.0,395,4,Satisfied with purchase,2024-03-15,7
34,734,322.0,1493,5,Perfect quality,2022-03-14,33
35,122,2.0,2445,4,Good quality,2024-05-29,15
36,992,412.0,380,4,Nice product,2022-10-21,19
37,740,316.0,2011,2,Not great,2023-06-23,29
38,400,447.0,480,5,Excellent product!,2020-03-18,14
39,340,85.0,1355,3,Average quality,2024-02-29,15
40,147,49.0,2245,4,Very good,2023-02-23,26
41,315,317.0,208,4,Very good,2024-03-25,36
42,498,296.0,14,3,Average quality,2023-02-12,42
44,278,308.0,1098,5,Highly recommend,2023-08-22,35
45,32,120.0,1140,3,Decent product,2024-06-24,33
46,76,43.0,537,4,Nice product,2023-05-29,49
48,56,238.0,368,4,Good quality,2023-04-26,44
49,765,217.0,1644,4,Nice product,2024-01-03,10
50,516,457.0,1200,4,Nice product,2022-04-15,11
52,89,468.0,2381,5,Love it!,2024-05-20,10
53,559,40.0,2237,5,Excellent product!,2021-07-03,48
54,294,130.0,741,2,Poor quality,2023-05-08,15
55,44,424.0,1609,4,Very good,2024-05-26,32
56,743,345.0,2459,4,Would buy again,2024-04-28,46
57,433,460.0,2422,3,Could be better,2023-05-15,26
58,689,7.0,2070,4,Nice product,2023-09-23,39
60,549,308.0,954,5,Perfect quality,2023-05-06,35
62,20,165.0,668,3,Does the job,2024-06-09,17
64,4,311.0,254,4,Nice product,2022-04-02,21
65,833,40.0,1698,2,Poor quality,2023-08-31,40
67,20,257.0,2286,3,Could be better,2022-10-30,22
68,632,322.0,1839,4,Good quality,2023-10-15,40
69,971,367.0,586,3,Decent product,2021-06-29,39
70,415,124.0,1893,4,Nice product,2024-02-26,29
71,438,452.0,302,5,Excellent product!,2023-05-12,4
72,467,190.0,1885,5,Perfect quality,2024-04-16,24
73,783,456.0,1112,4,Satisfied with purchase,2023-02-19,28
74,983,241.0,98,3,It's okay,2024-03-13,47
75,498,65.0,14,4,Nice product,2023-02-27,31
76,632,327.0,1506,4,Good quality,2024-01-20,17
77,934,84.0,906,4,Good quality,2022-01-27,20
78,631,494.0,2433,2,Disappointing,2023-09-17,41
79,445,373.0,1675,4,Very good,2020-03-27,25
80,220,311.0,595,4,Nice product,2024-02-01,15
81,213,319.0,100,5,Excellent product!,2022-12-30,3
82,826,171.0,2388,4,Satisfied with purchase,2022-01-03,47
83,984,123.0,408,4,Satisfied with purchase,2021-06-26,7
84,652,122.0,1749,4,Satisfied with purchase,2024-01-15,2
85,47,473.0,1989,2,Disappointing,2023-05-03,30
86,535,335.0,69,4,Satisfied with purchase,2022-09-29,17
87,565,485.0,2195,2,Issues with product,2023-10-26,48
88,30,401.0,1640,4,Satisfied with purchase,2021-04-26,49
89,618,287.0,2452,4,Satisfied with purchase,2022-09-25,24
90,845,381.0,1178,4,Very good,2023-10-31,40
91,614,130.0,1309,4,Good quality,2021-03-21,41
92,52,145.0,1550,4,Very good,2022-10-28,40
93,323,33.0,1756,5,Excellent product!,2021-10-28,0
94,171,359.0,2006,5,Love it!,2022-10-25,19
95,904,184.0,1647,4,Very good,2024-01-14,21
96,456,38.0,409,5,Highly recommend,2023-08-20,15
97,687,355.0,742,4,Nice product,2023-12-10,25
98,653,328.0,970,5,Highly recommend,2023-12-05,22
99,864,387.0,226,3,Does the job,2023-11-21,1
100,30,417.0,1640,3,Decent product,2021-04-21,25
101,691,3.0,2423,1,Do not buy,2022-02-04,17
102,13,473.0,1723,5,Highly recommend,2023-02-03,44
103,97,412.0,112,2,Poor quality,2023-07-14,40
104,991,149.0,917,3,Average quality,2021-11-18,44
105,49,457.0,44,5,Perfect quality,2023-11-17,36
106,489,457.0,2246,2,Issues with product,2023-01-27,9
108,1,321.0,1908,5,Perfect quality,2022-02-09,28
110,300,401.0,2282,5,Love it!,2022-10-03,32
111,261,74.0,2470,4,Very good,2024-04-10,5
112,49,137.0,44,5,Perfect quality,2023-11-08,46
113,820,207.0,967,5,Love it!,2021-08-06,15
115,200,84.0,1279,5,Highly recommend,2023-09-26,21
116,141,17.0,636,5,Amazing value,2024-02-06,5
117,320,326.0,2053,5,Highly recommend,2020-07-12,26
118,457,54.0,338,3,Decent product,2024-03-04,25
119,24,71.0,434,4,Nice product,2024-02-13,18
120,269,450.0,924,5,Excellent product!,2024-01-13,35
121,398,180.0,872,4,Very good,2021-10-19,30
122,179,395.0,747,5,Excellent product!,2023-04-03,50
123,100,146.0,2410,5,Amazing value,2023-09-15,38
125,872,244.0,1829,4,Would buy again,2023-05-27,23
126,252,446.0,279,4,Satisfied with purchase,2022-05-02,43
127,625,20.0,1333,4,Good quality,2021-11-18,50
128,831,340.0,1941,3,Average quality,2024-01-01,13
129,868,356.0,162,4,Would buy again,2023-10-26,17
130,592,111.0,1984,4,Satisfied with purchase,2020-09-12,48
131,707,49.0,2481,4,Satisfied with purchase,2023-09-24,49
132,679,451.0,337,4,Nice product,2023-09-27,17
133,355,70.0,420,4,Would buy again,2024-04-16,24
134,535,333.0,1727,5,Amazing value,2023-02-07,2
135,671,325.0,1387,4,Good quality,2024-03-08,19
136,560,414.0,2256,5,Perfect quality,2021-09-21,50
137,697,448.0,80,5,Perfect quality,2024-03-22,49
138,138,421.0,289,4,Would buy again,2023-02-26,31
139,567,43.0,1461,2,Below expectations,2024-01-12,36
140,717,490.0,1761,3,Average quality,2023-01-25,0
141,327,308.0,1790,5,Perfect quality,2024-04-08,39
142,478,1.0,1162,5,Excellent product!,2022-12-07,25
145,938,120.0,2017,5,Love it!,2021-10-27,7
148,10,128.0,522,3,Does the job,2024-01-09,29
149,636,350.0,463,4,Very good,2024-06-04,3
150,770,34.0,734,2,Disappointing,2020-09-19,16
152,135,276.0,241,4,Satisfied with purchase,2023-09-25,18
154,203,63.0,2023,4,Good quality,2023-01-05,42
155,340,85.0,1355,2,Disappointing,2024-03-05,34
156,577,62.0,1689,4,Satisfied with purchase,2024-04-16,23
157,335,211.0,456,4,Nice product,2023-12-11,25
158,73,409.0,685,3,Average quality,2022-08-15,17
159,508,190.0,1179,4,Would buy again,2024-01-12,6
160,141,170.0,2034,4,Good quality,2023-04-14,41
161,301,205.0,2338,4,Satisfied with purchase,2024-04-26,42
162,454,46.0,91,3,Average quality,2024-02-20,9
163,842,445.0,1075,4,Good quality,2021-10-23,35
164,106,459.0,265,1,Completely unsatisfied,2024-04-21,22
165,216,222.0,220,4,Nice product,2023-04-16,31
166,323,246.0,841,4,Nice product,2022-05-09,41
168,116,119.0,1184,4,Very good,2020-06-11,50
170,948,76.0,1479,5,Amazing value,2022-06-14,16
171,347,187.0,1274,4,Very good,2021-01-03,12
172,592,387.0,1032,4,Satisfied with purchase,2021-09-25,47
173,233,245.0,679,5,Perfect quality,2024-05-13,0
174,544,299.0,692,3,Could be better,2023-08-11,16
175,203,63.0,2023,4,Nice product,2023-01-12,40
177,325,211.0,2447,5,Perfect quality,2024-06-02,31
178,540,97.0,1431,4,Would buy again,2023-08-04,44
179,233,273.0,679,3,Does the job,2024-05-02,35
180,970,389.0,1744,3,Does the job,2022-05-07,21
181,70,25.0,1775,5,Amazing value,2023-03-20,13
182,297,456.0,2022,4,Good quality,2023-05-11,45
183,233,313.0,401,5,Excellent product!,2024-03-14,29
185,673,205.0,694,1,Completely unsatisfied,2023-06-26,24
186,253,167.0,282,2,Not great,2023-07-04,22
187,176,394.0,2432,4,Very good,2023-04-07,2
188,897,101.0,2027,5,Highly recommend,2021-11-23,2
190,566,235.0,1186,5,Highly recommend,2024-03-27,50
191,52,145.0,1550,4,Nice product,2022-10-04,31
192,645,247.0,444,4,Nice product,2021-05-24,33
193,788,382.0,1737,3,It's okay,2022-04-22,45
194,963,193.0,448,3,Does the job,2024-06-21,49
196,161,300.0,2390,3,Decent product,2022-07-11,50
197,97,129.0,112,5,Highly recommend,2023-07-27,25
199,336,5.0,1278,4,Good quality,2023-12-07,50
200,236,419.0,892,4,Satisfied with purchase,2024-01-14,43
201,781,77.0,1522,5,Amazing value,2023-07-25,26
202,726,50.0,51,1,Terrible,2024-02-06,8
203,735,338.0,1880,2,Issues with product,2022-10-31,17
204,499,119.0,2315,5,Love it!,2024-04-13,22
205,499,65.0,1196,5,Love it!,2024-01-02,0
206,684,47.0,1194,2,Poor quality,2022-12-29,38
208,630,201.0,2420,4,Good quality,2023-07-28,31
209,512,479.0,1306,4,Nice product,2022-12-26,27
210,661,152.0,2029,4,Satisfied with purchase,2023-05-03,30
211,726,316.0,1909,5,Amazing value,2024-03-14,28
212,522,404.0,1686,5,Excellent product!,2024-06-03,17
213,292,332.0,1913,4,Very good,2024-02-26,45
214,357,353.0,2274,5,Excellent product!,2023-04-03,3
215,555,142.0,2406,5,Love it!,2024-06-24,23
216,782,374.0,2073,5,Highly recommend,2022-12-14,23
217,140,40.0,1851,4,Satisfied with purchase,2022-04-20,1
218,327,231.0,1790,4,Good quality,2024-03-20,42
219,64,158.0,699,4,Would buy again,2023-04-20,37
220,480,109.0,157,5,Excellent product!,2023-04-16,32
221,519,101.0,589,5,Amazing value,2020-05-16,27
222,443,342.0,1277,5,Excellent product!,2021-12-19,8
223,60,330.0,809,4,Satisfied with purchase,2023-01-07,10
224,324,201.0,2048,2,Poor quality,2022-09-11,10
225,290,36.0,1092,5,Excellent product!,2024-04-28,6
226,118,180.0,761,4,Nice product,2023-11-03,9
227,47,121.0,1989,5,Amazing value,2023-05-12,19
228,327,93.0,656,4,Good quality,2023-12-17,16
229,543,294.0,1499,4,Good quality,2022-03-30,23
231,655,228.0,1188,5,Love it!,2021-11-29,43
232,652,82.0,1749,5,Perfect quality,2023-12-29,4
234,790,319.0,2268,2,Not great,2023-10-08,49
235,323,246.0,841,4,Good quality,2022-05-08,13
236,261,74.0,2470,4,Would buy again,2024-04-11,32
237,903,102.0,336,5,Perfect quality,2022-06-06,3
238,514,76.0,1235,3,Decent product,2022-06-19,44
239,504,157.0,466,4,Would buy again,2023-11-19,46
240,808,157.0,1831,4,Good quality,2024-04-21,6
241,315,142.0,600,4,Good quality,2022-02-10,31
242,936,127.0,1707,5,Perfect quality,2020-12-04,42
243,91,342.0,2320,2,Not great,2024-03-05,16
244,432,325.0,2473,4,Satisfied with purchase,2022-03-02,15
246,450,78.0,1642,3,It's okay,2024-02-24,6
247,788,399.0,1737,2,Below expectations,2022-04-15,34
248,379,7.0,1168,3,Could be better,2023-10-23,12
249,716,496.0,1794,1,Do not buy,2021-09-22,49
250,801,445.0,2302,4,Good quality,2021-09-11,30
251,305,138.0,2125,1,Completely unsatisfied,2022-10-18,26
252,279,300.0,972,4,Would buy again,2024-05-08,6
254,541,326.0,140,5,Love it!,2021-12-07,29
255,499,65.0,1196,4,Nice product,2023-12-25,0
256,987,331.0,507,4,Would buy again,2024-01-05,4
258,299,157.0,1629,4,Satisfied with purchase,2023-10-20,31
260,632,273.0,493,2,Disappointing,2024-05-17,33
261,776,457.0,211,5,Highly recommend,2023-05-02,3
262,465,110.0,897,4,Very good,2024-04-07,24
263,721,252.0,2409,5,Love it!,2022-04-13,14
264,825,40.0,1579,5,Love it!,2023-07-21,19
265,721,252.0,2409,4,Would buy again,2022-04-20,39
266,292,332.0,1913,4,Good quality,2024-02-23,37
267,304,75.0,866,4,Would buy again,2023-07-05,20
268,562,237.0,880,5,Love it!,2022-11-26,43
270,85,149.0,304,1,Very poor quality,2023-06-22,36
271,334,327.0,681,1,Completely unsatisfied,2023-11-08,45
272,948,380.0,1479,5,Excellent product!,2022-05-28,19
273,759,335.0,2055,2,Not great,2024-03-25,38
274,347,187.0,1274,4,Very good,2020-12-13,35
275,343,48.0,1600,2,Disappointing,2023-02-05,36
276,560,414.0,2256,2,Below expectations,2021-09-18,9
277,206,123.0,192,4,Would buy again,2023-12-31,29
279,118,180.0,761,3,It's okay,2023-10-26,15
281,414,458.0,5,2,Poor quality,2022-05-06,25
282,683,43.0,1576,5,Perfect quality,2024-02-01,25
283,433,460.0,2422,5,Love it!,2023-05-05,7
284,411,19.0,73,4,Very good,2023-06-27,45
285,143,407.0,372,4,Good quality,2020-09-23,17
286,260,12.0,2375,4,Satisfied with purchase,2023-01-30,38
287,188,140.0,2339,3,Does the job,2024-02-16,14
289,808,157.0,1831,5,Perfect quality,2024-04-03,43
290,369,273.0,2328,5,Excellent product!,2024-04-11,26
291,468,378.0,2204,4,Satisfied with purchase,2022-05-02,20
292,466,379.0,9,5,Highly recommend,2023-10-26,21
293,687,355.0,742,5,Highly recommend,2023-12-16,13
294,430,381.0,837,5,Perfect quality,2022-07-31,1
295,844,127.0,1769,5,Excellent product!,2022-11-13,3
296,613,411.0,1598,5,Excellent product!,2024-01-23,34
297,789,380.0,1564,3,It's okay,2024-06-11,21
299,906,220.0,1509,4,Nice product,2023-03-26,30
300,768,69.0,1866,4,Very good,2024-06-11,14
301,773,65.0,1348,3,Decent product,2024-02-25,6
302,15,70.0,1590,4,Would buy again,2023-11-19,31
303,712,140.0,2449,4,Satisfied with purchase,2023-12-02,22
304,15,245.0,1247,4,Would buy again,2024-02-10,3
305,183,68.0,39,5,Perfect quality,2021-07-20,8
306,693,178.0,2434,3,Could be better,2023-06-17,21
307,671,325.0,1387,2,Below expectations,2024-03-06,34
308,254,315.0,676,5,Amazing value,2023-07-27,20
309,739,40.0,946,3,Could be better,2024-04-21,35
310,243,361.0,846,3,Decent product,2023-09-29,48
311,153,303.0,1574,5,Highly recommend,2022-05-26,42
312,358,449.0,953,4,Very good,2024-05-10,24
313,965,120.0,490,3,Does the job,2024-02-15,41
315,180,258.0,144,5,Amazing value,2022-10-01,45
316,23,241.0,1656,4,Satisfied with purchase,2024-04-24,5
317,516,19.0,1495,4,Would buy again,2023-01-20,15
318,51,309.0,751,1,Waste of money,2024-06-03,16
319,274,49.0,285,4,Would buy again,2024-05-30,46
321,22,441.0,958,5,Perfect quality,2023-03-05,48
322,840,214.0,1738,5,Perfect quality,2023-08-04,21
323,612,372.0,983,2,Not great,2022-03-22,34
324,205,407.0,713,3,Decent product,2024-01-20,2
325,759,106.0,2055,4,Would buy again,2024-03-26,13
326,144,168.0,850,5,Amazing value,2023-04-12,22
327,593,427.0,1687,4,Good quality,2023-12-12,18
328,474,353.0,96,3,It's okay,2024-05-20,38
329,608,296.0,4,5,Amazing value,2023-07-01,23
330,461,159.0,412,5,Perfect quality,2022-08-27,30
331,229,188.0,2361,4,Very good,2023-10-20,6
332,583,129.0,1682,2,Issues with product,2021-07-01,25
333,183,68.0,39,3,Could be better,2021-07-29,18
334,951,73.0,1502,4,Good quality,2021-07-06,21
336,859,257.0,1473,4,Nice product,2024-05-22,50
337,519,133.0,598,4,Satisfied with purchase,2020-03-09,43
338,915,486.0,2211,4,Good quality,2023-07-14,21
339,810,134.0,256,3,It's okay,2022-07-01,13
340,672,438.0,886,4,Nice product,2023-12-06,16
341,141,170.0,2034,5,Highly recommend,2023-04-02,22
342,817,491.0,1732,5,Excellent product!,2023-11-02,27
343,151,174.0,1592,4,Nice product,2021-03-09,38
344,714,288.0,1971,3,Could be better,2023-05-24,13
345,565,314.0,1407,4,Would buy again,2024-06-15,35
346,461,347.0,412,4,Nice product,2022-08-26,28
348,374,465.0,655,5,Highly recommend,2023-09-08,38
349,352,399.0,1539,4,Very good,2022-08-18,41
350,903,120.0,64,3,Decent product,2022-06-03,26
352,20,171.0,120,2,Poor quality,2023-05-01,29
353,442,494.0,2264,4,Would buy again,2023-11-02,42
356,577,396.0,1689,5,Excellent product!,2024-04-19,48
357,637,146.0,331,3,Does the job,2022-03-26,8
358,560,445.0,2256,4,Would buy again,2021-09-06,11
359,838,243.0,29,4,Very good,2022-05-22,34
360,631,459.0,617,5,Love it!,2023-11-16,12
361,283,300.0,2462,3,Average quality,2024-02-03,49
362,1,321.0,1908,3,Average quality,2022-02-02,39
363,22,441.0,958,4,Satisfied with purchase,2023-02-12,17
364,673,268.0,219,4,Would buy again,2024-03-13,45
366,871,350.0,2119,5,Highly recommend,2023-10-26,16
367,68,417.0,300,5,Excellent product!,2024-05-07,39
368,179,152.0,612,3,Average quality,2021-07-17,21
370,947,281.0,1354,4,Would buy again,2024-01-05,49
371,478,1.0,1162,2,Disappointing,2022-11-24,8
372,434,282.0,1819,4,Satisfied with purchase,2024-02-24,45
373,466,10.0,9,5,Excellent product!,2023-11-11,24
374,450,78.0,1642,5,Perfect quality,2024-02-04,33
375,130,163.0,1119,5,Amazing value,2023-06-15,18
376,483,203.0,1492,4,Good quality,2023-06-25,6
377,179,202.0,1034,2,Issues with product,2022-11-18,48
378,258,187.0,1613,5,Amazing value,2021-10-05,0
380,442,133.0,2264,3,Does the job,2023-11-11,19
381,751,29.0,624,5,Amazing value,2021-11-30,0
382,593,427.0,1687,3,Could be better,2023-11-28,48
383,138,187.0,289,5,Love it!,2023-02-16,21
384,164,312.0,108,5,Highly recommend,2024-05-19,27
385,559,264.0,399,4,Would buy again,2023-08-22,25
386,470,437.0,1619,1,Waste of money,2024-02-11,14
387,744,392.0,1221,5,Love it!,2021-10-27,7
388,845,336.0,1718,3,It's okay,2022-06-25,30
389,995,108.0,936,1,Terrible,2021-06-19,45
390,86,20.0,2284,5,Amazing value,2024-05-18,26
392,655,228.0,1188,5,Amazing value,2021-12-12,36
393,843,421.0,506,4,Nice product,2023-05-21,30
394,377,326.0,1966,4,Would buy again,2023-03-14,33
396,290,353.0,346,4,Very good,2024-04-06,10
398,286,242.0,795,5,Amazing value,2021-11-07,26
399,560,445.0,2256,3,It's okay,2021-09-16,42
400,970,389.0,1744,4,Good quality,2022-04-28,7
401,848,213.0,37,4,Satisfied with purchase,2024-04-02,48
402,537,320.0,103,3,Decent product,2023-02-26,0
403,768,69.0,1866,4,Very good,2024-05-23,5
404,239,407.0,307,5,Love it!,2023-11-11,31
405,350,157.0,1291,3,It's okay,2023-04-07,1
406,713,370.0,1380,2,Poor quality,2024-06-23,45
407,843,486.0,506,4,Very good,2023-04-28,46
408,603,320.0,1496,5,Perfect quality,2023-08-04,23
409,969,414.0,1721,5,Excellent product!,2023-12-31,17
410,399,166.0,2078,4,Nice product,2023-11-21,42
411,575,434.0,548,5,Excellent product!,2021-04-16,17
412,921,484.0,257,4,Satisfied with purchase,2024-01-23,29
413,901,69.0,521,3,It's okay,2023-05-29,6
414,877,474.0,1504,4,Would buy again,2023-03-30,43
415,118,478.0,994,4,Good quality,2024-01-17,10
416,362,174.0,1945,5,Love it!,2024-02-29,46
417,844,147.0,527,4,Would buy again,2022-12-10,49
418,449,226.0,971,3,Decent product,2024-05-26,12
419,741,376.0,1830,3,Decent product,2022-02-26,32
420,489,88.0,465,5,Love it!,2022-11-08,15
421,714,288.0,1971,4,Satisfied with purchase,2023-06-03,34
422,915,126.0,2211,5,Excellent product!,2023-07-11,3
423,661,465.0,2352,5,Perfect quality,2024-04-19,28
424,743,345.0,2459,5,Love it!,2024-04-18,8
425,618,365.0,512,4,Very good,2023-02-22,47
426,965,447.0,490,4,Good quality,2024-02-21,45
428,19,60.0,806,2,Below expectations,2024-02-19,6
429,393,406.0,1258,4,Very good,2021-12-26,27
430,217,406.0,1324,4,Would buy again,2021-07-16,8
431,821,70.0,1924,1,Waste of money,2024-01-02,4
432,258,240.0,1613,4,Very good,2021-09-13,35
433,395,37.0,390,3,Does the job,2022-06-13,15
434,113,406.0,1815,3,Average quality,2023-09-07,28
435,810,134.0,256,5,Perfect quality,2022-06-25,41
436,157,91.0,193,5,Highly recommend,2024-03-08,21
438,185,369.0,1025,4,Nice product,2021-06-29,6
439,249,150.0,2294,3,Does the job,2024-05-22,20
440,969,414.0,1721,5,Excellent product!,2024-01-01,13
441,753,188.0,673,5,Highly recommend,2024-03-18,18
442,60,188.0,1466,4,Very good,2021-06-12,50
443,325,168.0,923,4,Would buy again,2021-09-09,44
444,233,273.0,679,5,Perfect quality,2024-05-28,11
445,868,356.0,162,3,Could be better,2023-10-23,15
446,181,220.0,478,4,Satisfied with purchase,2023-05-05,8
448,460,147.0,1218,3,It's okay,2021-11-07,34
451,816,327.0,494,3,It's okay,2023-11-04,19
452,393,92.0,2107,4,Would buy again,2023-10-23,28
453,60,330.0,809,3,Could be better,2023-01-04,50
454,671,258.0,1392,4,Satisfied with purchase,2023-10-08,48
455,141,170.0,2034,3,Average quality,2023-04-06,19
457,871,350.0,2119,3,Does the job,2023-11-04,19
458,643,449.0,959,4,Would buy again,2023-02-22,31
459,742,243.0,740,3,Could be better,2024-01-05,30
460,516,457.0,1200,2,Below expectations,2022-04-18,45
461,873,179.0,1777,5,Love it!,2024-05-25,33
462,707,281.0,2317,5,Excellent product!,2023-03-10,10
464,632,463.0,1839,4,Nice product,2023-09-27,48
465,783,324.0,854,5,Perfect quality,2023-08-31,34
466,826,171.0,2388,4,Good quality,2021-12-27,18
467,812,311.0,1444,4,Would buy again,2023-10-25,40
468,876,307.0,2046,1,Terrible,2023-02-01,18
469,489,88.0,465,1,Terrible,2022-10-24,44
471,1,321.0,1908,4,Satisfied with purchase,2022-02-11,26
474,74,461.0,1874,2,Poor quality,2020-10-30,24
475,373,12.0,1180,4,Satisfied with purchase,2024-03-09,23
476,468,378.0,2204,3,Average quality,2022-05-03,2
477,91,342.0,2320,3,Decent product,2024-03-10,3
478,636,309.0,1665,4,Very good,2024-05-10,17
479,478,377.0,819,5,Excellent product!,2023-09-28,6
480,144,168.0,850,4,Satisfied with purchase,2023-04-24,15
481,450,78.0,1642,2,Not great,2024-02-20,29
482,250,122.0,2396,3,Average quality,2024-06-11,19
483,943,324.0,1055,5,Perfect quality,2024-03-12,21
484,980,386.0,2105,4,Very good,2021-04-11,0
485,661,465.0,2352,4,Nice product,2024-04-17,8
486,3,462.0,2,5,Love it!,2024-02-25,21
487,717,45.0,605,4,Good quality,2022-10-21,19
488,722,132.0,23,3,Decent product,2022-10-28,40
489,926,225.0,1102,3,Does the job,2023-04-25,26
490,347,187.0,1274,4,Would buy again,2021-01-04,30
491,621,361.0,927,5,Excellent product!,2022-05-24,15
492,309,316.0,1734,5,Excellent product!,2022-04-12,10
493,407,315.0,1899,3,Average quality,2023-05-18,19
494,141,170.0,2034,4,Satisfied with purchase,2023-03-29,20
495,727,14.0,438,1,Waste of money,2024-06-11,38
496,433,460.0,2422,4,Nice product,2023-05-01,45
497,197,371.0,2085,5,Excellent product!,2022-12-14,19
498,859,257.0,1473,5,Highly recommend,2024-05-06,41
499,447,300.0,411,3,Average quality,2023-04-20,32
500,697,1.0,701,4,Good quality,2023-11-22,16
501,294,130.0,741,4,Very good,2023-05-26,18
502,44,102.0,1609,3,Average quality,2024-05-16,25
503,645,268.0,2333,4,Nice product,2021-12-16,46
504,514,224.0,1057,5,Excellent product!,2021-12-10,27
505,959,71.0,1558,4,Good quality,2024-06-23,17
506,859,257.0,1473,5,Love it!,2024-05-23,12
507,401,397.0,1116,3,Average quality,2021-01-28,36
508,618,161.0,311,4,Very good,2023-11-22,20
509,160,22.0,2307,5,Amazing value,2024-04-19,11
510,123,102.0,562,5,Perfect quality,2023-12-23,32
511,122,343.0,1551,4,Satisfied with purchase,2024-03-20,29
512,868,313.0,2306,3,Decent product,2022-11-14,14
513,495,443.0,2442,3,Could be better,2023-11-23,17
514,32,120.0,1140,3,Average quality,2024-06-01,11
516,565,405.0,1346,5,Highly recommend,2024-05-19,6
517,849,478.0,423,5,Love it!,2020-11-29,48
518,514,224.0,1057,4,Good quality,2021-11-17,40
519,903,76.0,1457,4,Good quality,2023-04-30,45
520,498,191.0,737,5,Love it!,2024-03-08,15
521,792,38.0,1051,3,It's okay,2024-01-11,4
522,301,219.0,1652,4,Satisfied with purchase,2024-01-16,8
523,442,165.0,538,3,It's okay,2024-05-24,45
524,502,274.0,2198,2,Disappointing,2022-10-10,34
525,585,500.0,947,5,Excellent product!,2024-02-12,37
526,645,268.0,2333,5,Perfect quality,2022-01-01,44
527,861,331.0,2430,2,Poor quality,2023-10-01,41
529,638,12.0,2253,5,Perfect quality,2023-04-06,25
530,741,376.0,1830,3,It's okay,2022-03-05,39
531,716,128.0,1794,3,Does the job,2021-09-21,5
532,254,106.0,1338,2,Poor quality,2024-05-28,2
533,343,328.0,505,5,Amazing value,2021-08-02,37
534,523,367.0,614,2,Poor quality,2022-05-31,46
535,20,60.0,2286,5,Perfect quality,2022-11-17,1
536,567,406.0,1461,3,Average quality,2024-01-10,44
537,956,93.0,2032,3,Does the job,2022-06-28,48
538,9,294.0,1845,5,Amazing value,2024-04-23,30
539,540,97.0,1431,2,Below expectations,2023-08-08,48
540,697,1.0,701,3,Could be better,2023-11-15,25
541,889,167.0,945,4,Satisfied with purchase,2024-02-19,32
542,328,278.0,510,4,Satisfied with purchase,2021-03-30,26
544,1000,489.0,1151,3,Could be better,2022-12-08,47
545,331,47.0,2035,4,Very good,2022-10-25,42
546,176,27.0,1127,5,Perfect quality,2024-07-06,45
547,496,192.0,2173,4,Good quality,2022-06-09,0
549,117,189.0,2399,5,Excellent product!,2020-10-23,27
550,989,143.0,2049,5,Perfect quality,2021-09-13,18
551,203,381.0,2023,3,Does the job,2023-01-17,35
552,577,51.0,184,4,Nice product,2022-09-16,22
553,467,102.0,613,4,Would buy again,2023-10-09,28
554,39,27.0,551,4,Very good,2024-06-07,12
555,922,439.0,356,4,Would buy again,2023-01-13,32
556,146,45.0,475,1,Completely unsatisfied,2023-01-21,6
557,565,414.0,440,1,Very poor quality,2023-10-14,48
558,20,60.0,2286,4,Very good,2022-11-16,3
559,295,153.0,188,5,Amazing value,2024-05-20,31
560,4,271.0,1018,5,Amazing value,2023-10-08,35
561,307,301.0,245,2,Issues with product,2020-11-15,2
562,108,103.0,231,3,Could be better,2022-07-04,7
563,316,392.0,1763,4,Satisfied with purchase,2024-04-02,33
564,635,128.0,1494,2,Issues with product,2023-03-16,45
565,635,27.0,1494,4,Good quality,2023-03-03,33
566,117,189.0,2399,5,Perfect quality,2020-11-07,26
567,402,498.0,710,5,Excellent product!,2022-08-11,40
568,723,140.0,937,1,Completely unsatisfied,2024-03-14,21
570,59,132.0,2393,5,Amazing value,2023-04-20,48
571,500,372.0,27,3,Could be better,2022-01-03,33
572,359,133.0,1044,1,Do not buy,2024-02-22,45
573,765,203.0,561,4,Very good,2024-02-08,40
574,569,237.0,1048,5,Excellent product!,2024-04-15,42
575,903,102.0,336,5,Perfect quality,2022-06-16,9
576,770,34.0,734,4,Would buy again,2020-09-05,22
577,499,65.0,1196,4,Very good,2023-12-28,33
578,862,328.0,290,3,It's okay,2024-03-26,14
579,964,376.0,395,1,Do not buy,2024-03-24,28
580,808,393.0,2225,5,Amazing value,2022-06-13,38
581,404,82.0,2363,4,Nice product,2024-02-04,6
582,75,284.0,1321,4,Good quality,2021-12-25,38
583,242,197.0,1947,4,Would buy again,2023-08-11,5
584,217,158.0,1324,3,Could be better,2021-07-03,36
585,507,36.0,2257,1,Do not buy,2023-08-05,33
586,967,463.0,36,4,Would buy again,2023-09-06,23
587,35,204.0,1668,2,Issues with product,2023-08-14,48
588,236,401.0,892,4,Very good,2024-01-05,27
589,550,422.0,1059,3,Could be better,2021-04-23,22
590,559,73.0,1860,4,Good quality,2021-10-14,25
591,787,228.0,2319,3,Does the job,2024-01-14,48
592,122,2.0,2445,2,Not great,2024-06-04,40
593,513,481.0,1038,4,Satisfied with purchase,2022-03-01,9
594,859,269.0,1638,1,Terrible,2023-11-19,22
595,181,15.0,653,4,Good quality,2023-06-26,21
596,965,39.0,1171,5,Love it!,2023-06-06,49
597,696,69.0,646,4,Would buy again,2023-11-10,50
598,203,334.0,2171,3,Average quality,2023-03-18,24
599,999,1.0,1408,4,Nice product,2024-04-23,6
601,444,341.0,2141,4,Satisfied with purchase,2023-11-28,26
602,740,316.0,2011,2,Disappointing,2023-07-02,30
603,465,110.0,897,4,Very good,2024-04-18,6
604,160,183.0,2293,2,Not great,2023-03-29,23
606,256,448.0,1041,5,Perfect quality,2022-06-15,20
607,578,290.0,2262,1,Terrible,2020-09-12,18
608,106,392.0,345,4,Very good,2024-04-16,47
609,783,324.0,854,5,Amazing value,2023-08-20,35
610,149,451.0,1206,5,Amazing value,2022-12-18,31
611,324,485.0,1887,4,Would buy again,2023-03-21,33
613,378,8.0,1657,4,Satisfied with purchase,2023-05-26,24
614,721,252.0,2409,2,Poor quality,2022-04-12,12
615,864,387.0,226,5,Perfect quality,2023-11-15,33
617,788,382.0,1737,3,It's okay,2022-04-10,1
618,833,40.0,1698,4,Good quality,2023-08-27,20
619,992,310.0,599,3,Does the job,2023-05-20,14
620,635,25.0,1362,5,Highly recommend,2023-11-14,45
621,986,18.0,1659,3,Could be better,2023-01-04,36
622,707,281.0,2317,5,Highly recommend,2023-02-22,17
623,35,204.0,1668,4,Would buy again,2023-08-08,32
624,696,69.0,646,4,Satisfied with purchase,2023-11-06,6
625,143,407.0,372,4,Would buy again,2020-09-03,9
626,359,493.0,2064,3,Could be better,2021-01-28,20
627,318,25.0,2244,4,Very good,2022-01-06,10
628,82,352.0,2163,2,Not great,2022-01-03,14
630,569,237.0,1048,5,Perfect quality,2024-03-26,23
631,411,446.0,73,4,Would buy again,2023-06-24,6
632,227,138.0,1081,3,It's okay,2023-05-13,23
633,373,365.0,1703,4,Very good,2022-07-25,16
634,305,138.0,2125,2,Issues with product,2022-11-14,40
635,976,117.0,1814,3,Decent product,2023-09-26,0
636,845,336.0,1718,3,Could be better,2022-06-08,27
637,140,262.0,2488,1,Completely unsatisfied,2023-02-05,7
639,334,327.0,681,5,Love it!,2023-11-03,8
641,85,149.0,304,4,Nice product,2023-06-06,49
642,576,402.0,165,3,Decent product,2022-09-20,37
643,736,323.0,31,4,Satisfied with purchase,2023-05-19,5
647,554,178.0,976,3,Could be better,2022-12-27,39
648,946,369.0,237,3,Decent product,2022-08-21,18
649,519,19.0,1882,3,Average quality,2021-05-08,9
651,979,179.0,2389,3,Does the job,2021-01-17,35
652,541,257.0,1526,2,Issues with product,2021-05-18,25
653,167,314.0,1785,3,It's okay,2023-12-17,29
654,32,331.0,732,3,It's okay,2022-11-05,23
655,42,417.0,2469,1,Terrible,2022-10-26,7
656,829,366.0,802,5,Excellent product!,2022-03-12,9
657,306,70.0,281,4,Would buy again,2023-03-03,37
658,637,146.0,331,5,Perfect quality,2022-04-17,7
659,898,204.0,26,4,Satisfied with purchase,2020-10-22,36
660,471,296.0,1370,4,Would buy again,2023-11-09,1
661,808,393.0,2225,3,It's okay,2022-06-16,32
662,430,36.0,1070,4,Very good,2023-12-03,6
663,951,299.0,1502,5,Amazing value,2021-06-27,46
664,631,357.0,2433,3,Could be better,2023-09-14,43
665,574,411.0,469,4,Good quality,2023-09-30,31
666,424,295.0,1894,4,Nice product,2021-11-24,49
667,621,166.0,576,3,It's okay,2024-05-27,14
671,943,324.0,1055,3,Does the job,2024-02-28,12
672,443,342.0,1277,5,Amazing value,2021-12-20,7
673,667,274.0,564,5,Amazing value,2024-03-04,6
675,853,239.0,842,3,Does the job,2023-12-08,5
676,616,102.0,980,4,Satisfied with purchase,2024-02-04,20
677,236,401.0,892,4,Would buy again,2024-01-30,37
678,288,297.0,2472,4,Good quality,2024-01-20,28
679,544,262.0,34,1,Very poor quality,2023-04-15,0
680,343,133.0,1600,4,Good quality,2023-02-13,3
681,849,58.0,423,5,Highly recommend,2020-12-04,6
682,442,486.0,2264,3,Decent product,2023-11-14,33
683,965,39.0,1171,3,It's okay,2023-06-05,6
686,216,299.0,1082,3,Does the job,2021-09-23,24
687,373,327.0,1703,3,Could be better,2022-07-03,48
688,549,308.0,954,3,Does the job,2023-05-17,30
691,229,198.0,2361,4,Very good,2023-10-31,46
692,567,406.0,1461,3,Average quality,2023-12-24,28
693,47,30.0,777,3,Decent product,2024-06-01,37
694,54,66.0,1133,4,Nice product,2023-08-28,0
695,438,254.0,1925,4,Satisfied with purchase,2024-04-01,38
696,34,20.0,134,2,Poor quality,2020-06-20,47
697,786,343.0,402,5,Amazing value,2022-11-15,5
698,306,70.0,281,3,Could be better,2023-02-20,4
699,922,133.0,2486,1,Do not buy,2023-08-27,14
700,63,152.0,1801,3,Could be better,2020-08-17,14
703,934,404.0,121,5,Amazing value,2022-06-23,22
705,328,278.0,510,4,Would buy again,2021-03-29,5
706,357,124.0,422,4,Very good,2022-01-11,1
707,776,392.0,680,5,Amazing value,2024-02-26,41
708,315,25.0,1103,3,Could be better,2023-10-21,6
709,747,223.0,248,3,Average quality,2023-07-04,2
710,830,197.0,1655,4,Good quality,2023-01-21,3
711,13,196.0,1382,3,Does the job,2023-07-08,25
712,6,36.0,1879,4,Good quality,2023-12-26,35
713,639,260.0,1450,4,Nice product,2023-08-20,33
714,200,84.0,1279,4,Nice product,2023-09-20,33
715,593,358.0,722,2,Not great,2023-09-02,41
717,43,363.0,13,3,It's okay,2022-11-17,3
718,904,184.0,1647,5,Highly recommend,2024-01-13,29
719,438,250.0,225,1,Terrible,2022-11-07,31
720,565,482.0,2272,5,Love it!,2023-01-19,30
721,952,166.0,1566,3,Does the job,2023-07-05,12
722,871,350.0,2119,5,Excellent product!,2023-10-22,33
724,265,478.0,1316,2,Not great,2022-12-02,6
725,973,47.0,1709,4,Would buy again,2023-03-20,3
729,173,75.0,1565,5,Perfect quality,2024-01-08,1
730,916,466.0,1049,3,It's okay,2023-05-18,18
731,618,287.0,2452,3,Does the job,2022-09-20,37
733,457,417.0,1271,4,Good quality,2023-12-14,14
734,176,331.0,2432,3,Decent product,2023-03-26,42
735,242,197.0,1947,4,Would buy again,2023-08-19,21
737,547,286.0,1771,4,Satisfied with purchase,2023-12-23,36
739,932,324.0,664,5,Highly recommend,2023-02-05,43
740,38,405.0,119,1,Waste of money,2024-01-23,14
741,303,265.0,903,4,Very good,2023-01-22,48
742,52,145.0,1550,2,Issues with product,2022-10-25,37
743,773,394.0,1348,4,Would buy again,2024-03-02,25
744,579,181.0,939,5,Love it!,2023-06-23,24
745,716,128.0,1794,5,Amazing value,2021-09-09,41
746,588,251.0,1739,5,Love it!,2024-02-09,29
747,915,296.0,2090,3,Decent product,2023-12-30,19
748,632,125.0,493,5,Love it!,2024-05-08,32
749,963,88.0,1800,4,Satisfied with purchase,2024-03-25,12
750,102,331.0,46,5,Amazing value,2023-07-22,22
752,461,470.0,503,5,Highly recommend,2021-09-22,21
753,457,417.0,1271,5,Love it!,2024-01-02,39
754,75,130.0,637,3,Could be better,2022-01-10,24
755,519,133.0,598,4,Very good,2020-03-05,44
756,756,2.0,374,2,Poor quality,2024-05-20,36
757,288,44.0,2472,3,It's okay,2024-02-08,48
758,459,285.0,712,4,Nice product,2023-09-15,28
759,762,488.0,1975,5,Highly recommend,2024-03-11,23
760,999,1.0,1408,4,Very good,2024-04-23,14
761,516,457.0,1200,5,Highly recommend,2022-04-13,8
763,217,68.0,1324,2,Not great,2021-07-07,8
764,42,452.0,1483,3,Could be better,2022-04-25,37
765,584,430.0,2435,4,Satisfied with purchase,2024-03-31,23
766,701,34.0,1820,5,Highly recommend,2023-09-19,25
767,191,115.0,334,3,Decent product,2024-02-28,44
768,88,349.0,1464,4,Very good,2023-09-21,18
769,805,391.0,1342,4,Good quality,2020-05-03,31
770,871,395.0,1660,1,Waste of money,2023-01-08,45
772,747,223.0,248,3,Average quality,2023-07-07,44
773,562,247.0,880,5,Excellent product!,2022-11-30,34
774,301,205.0,2338,5,Highly recommend,2024-04-30,37
775,475,371.0,1429,5,Perfect quality,2024-04-15,8
776,948,147.0,881,4,Very good,2020-10-30,1
777,242,306.0,725,4,Satisfied with purchase,2024-02-29,3
778,922,375.0,1282,1,Terrible,2024-04-15,50
779,903,362.0,915,5,Excellent product!,2022-06-10,20
780,698,187.0,2391,4,Would buy again,2022-03-07,37
781,319,373.0,2471,4,Nice product,2020-07-29,50
782,653,247.0,2466,3,Decent product,2024-02-09,32
783,683,43.0,1576,2,Not great,2024-02-23,14
784,38,439.0,1144,1,Completely unsatisfied,2023-07-03,8
785,64,3.0,277,4,Satisfied with purchase,2023-08-28,19
786,233,313.0,401,4,Would buy again,2024-04-06,36
787,274,60.0,429,4,Nice product,2021-04-21,25
788,653,247.0,2466,4,Satisfied with purchase,2024-02-10,13
789,393,406.0,1258,2,Disappointing,2021-12-29,16
790,516,457.0,1495,4,Would buy again,2023-01-17,29
791,776,367.0,2210,5,Love it!,2023-12-26,26
792,786,343.0,402,5,Perfect quality,2022-11-16,46
793,197,195.0,344,4,Nice product,2021-08-03,8
794,179,448.0,1034,5,Amazing value,2022-11-15,8
795,637,82.0,2372,5,Excellent product!,2022-02-26,13
796,299,352.0,2015,5,Amazing value,2024-04-24,25
797,848,213.0,37,5,Excellent product!,2024-04-11,24
798,445,432.0,1409,2,Poor quality,2022-12-18,1
799,675,254.0,727,3,Could be better,2022-10-31,48
800,659,236.0,876,2,Below expectations,2021-09-18,15
801,631,459.0,617,4,Satisfied with purchase,2023-11-17,40
802,485,385.0,2094,4,Very good,2023-11-08,29
804,438,178.0,225,4,Very good,2022-11-19,15
805,863,459.0,941,2,Issues with product,2024-05-13,4
806,118,223.0,106,5,Love it!,2021-09-09,11
807,609,364.0,1580,5,Love it!,2021-06-22,34
808,621,466.0,1626,2,Below expectations,2023-06-28,29
809,605,227.0,1203,5,Love it!,2023-06-27,38
810,984,291.0,2400,3,Decent product,2021-11-30,38
812,645,268.0,2333,5,Amazing value,2021-12-22,10
813,611,426.0,2083,5,Perfect quality,2023-02-20,39
814,54,47.0,79,4,Good quality,2024-04-13,19
815,849,469.0,919,4,Good quality,2021-01-20,15
816,841,374.0,1518,5,Highly recommend,2024-02-11,45
817,933,91.0,2281,5,Highly recommend,2023-12-02,7
818,506,192.0,2349,5,Excellent product!,2023-03-01,19
819,749,187.0,1602,5,Love it!,2023-12-16,2
820,298,335.0,2144,4,Very good,2021-06-02,45
821,296,213.0,511,4,Good quality,2023-09-20,31
822,183,111.0,1013,4,Good quality,2023-07-20,44
823,534,240.0,1611,3,It's okay,2022-02-01,40
824,716,334.0,633,5,Love it!,2022-04-26,30
825,444,497.0,865,4,Nice product,2023-08-12,10
826,457,54.0,338,5,Amazing value,2024-02-25,44
828,429,126.0,1286,3,Does the job,2023-03-21,15
829,611,92.0,2083,4,Very good,2023-02-28,11
830,987,331.0,507,5,Highly recommend,2023-12-26,46
831,880,252.0,1750,1,Waste of money,2024-01-02,20
832,684,74.0,1194,4,Very good,2023-01-14,50
833,997,457.0,2491,1,Completely unsatisfied,2022-09-21,22
834,148,460.0,1693,4,Nice product,2023-12-12,31
836,776,457.0,211,4,Satisfied with purchase,2023-05-08,29
837,947,319.0,1354,5,Amazing value,2024-01-01,38
838,113,406.0,1815,5,Highly recommend,2023-09-16,37
839,9,448.0,1845,3,Does the job,2024-04-03,36
840,932,116.0,351,5,Love it!,2023-10-19,46
843,972,205.0,1870,4,Very good,2024-04-10,4
844,438,452.0,302,4,Satisfied with purchase,2023-05-03,29
845,721,252.0,2409,1,Completely unsatisfied,2022-04-25,9
846,729,411.0,2097,5,Highly recommend,2021-05-26,29
847,691,421.0,1376,5,Excellent product!,2021-07-06,10
848,785,405.0,1743,4,Nice product,2022-11-28,46
849,501,4.0,2223,5,Love it!,2023-05-02,1
850,592,111.0,1984,5,Amazing value,2020-08-28,23
851,216,222.0,220,4,Satisfied with purchase,2023-04-08,47
852,624,339.0,867,5,Love it!,2020-12-30,10
853,789,8.0,1484,4,Nice product,2024-01-20,32
854,792,173.0,1390,4,Satisfied with purchase,2024-04-26,7
856,554,119.0,976,1,Do not buy,2023-01-05,45
857,81,445.0,2408,4,Satisfied with purchase,2024-01-11,10
858,352,286.0,1296,4,Satisfied with purchase,2024-05-10,27
859,845,389.0,1178,5,Perfect quality,2023-10-30,22
860,13,270.0,1284,2,Not great,2023-07-24,8
861,733,352.0,1967,1,Completely unsatisfied,2023-11-09,1
862,589,193.0,2174,4,Satisfied with purchase,2023-12-09,30
863,992,414.0,183,3,It's okay,2023-01-07,43
864,622,273.0,1332,5,Highly recommend,2023-12-08,44
865,560,215.0,2184,4,Satisfied with purchase,2021-12-04,25
866,666,145.0,1455,3,Average quality,2023-10-08,46
867,526,165.0,2461,5,Perfect quality,2023-11-09,5
868,650,94.0,1905,4,Very good,2024-06-06,23
870,677,88.0,1731,5,Excellent product!,2022-12-08,7
871,501,4.0,2223,4,Nice product,2023-05-20,16
872,560,215.0,2184,5,Love it!,2021-11-27,11
873,559,40.0,2237,3,It's okay,2021-06-09,13
874,346,411.0,2082,4,Would buy again,2021-04-02,8
875,500,279.0,27,3,It's okay,2022-01-02,47
876,613,369.0,1598,4,Satisfied with purchase,2024-01-19,45
878,981,46.0,847,5,Perfect quality,2023-01-07,9
880,992,310.0,599,5,Perfect quality,2023-05-07,29
881,446,427.0,2063,3,Average quality,2023-04-28,7
882,638,480.0,2253,5,Amazing value,2023-03-31,35
883,904,184.0,1647,1,Completely unsatisfied,2023-12-22,26
884,141,17.0,636,5,Love it!,2024-02-05,27
885,853,271.0,759,5,Highly recommend,2023-12-01,24
886,140,40.0,1851,5,Highly recommend,2022-05-01,43
887,256,203.0,543,3,Average quality,2022-01-05,0
888,507,386.0,1627,3,Does the job,2023-08-26,16
889,808,449.0,1809,2,Not great,2022-01-09,6
890,323,246.0,841,4,Good quality,2022-05-24,29
891,783,456.0,1112,1,Completely unsatisfied,2023-02-15,18
892,258,240.0,1613,5,Perfect quality,2021-09-27,1
893,932,116.0,351,2,Not great,2023-10-26,26
894,76,43.0,537,3,Decent product,2023-05-19,44
896,47,30.0,777,3,It's okay,2024-05-30,8
897,749,34.0,1122,3,It's okay,2024-02-08,0
898,94,287.0,17,3,It's okay,2024-03-04,39
899,898,135.0,26,5,Highly recommend,2020-10-20,36
900,742,98.0,40,5,Highly recommend,2024-05-06,46
901,976,145.0,496,5,Love it!,2021-01-27,21
903,789,284.0,1564,5,Perfect quality,2024-06-04,10
904,225,104.0,501,4,Satisfied with purchase,2022-08-09,42
905,495,86.0,1345,5,Amazing value,2024-04-06,3
906,43,136.0,1720,3,Decent product,2023-03-22,29
907,837,174.0,1094,4,Good quality,2022-10-25,22
908,242,300.0,2209,5,Excellent product!,2023-07-05,45
909,430,36.0,1070,3,Could be better,2023-11-12,21
910,176,215.0,1318,5,Love it!,2024-01-05,23
911,17,357.0,1069,1,Terrible,2024-04-08,7
912,59,366.0,824,5,Love it!,2023-06-09,20
913,139,194.0,910,3,Could be better,2024-03-31,11
914,671,325.0,1387,4,Nice product,2024-03-15,34
915,565,414.0,440,3,It's okay,2023-09-27,5
916,485,230.0,1532,5,Perfect quality,2024-02-29,37
917,516,64.0,949,1,Waste of money,2022-04-22,16
918,589,193.0,2174,5,Perfect quality,2023-12-17,34
919,605,242.0,1087,5,Amazing value,2023-11-09,45
920,216,299.0,1082,5,Highly recommend,2021-09-02,34
921,849,445.0,1663,4,Good quality,2020-07-24,8
923,540,42.0,796,3,Average quality,2022-07-22,44
924,567,78.0,1461,3,Does the job,2024-01-08,46
926,377,326.0,1966,4,Satisfied with purchase,2023-03-10,20
927,507,36.0,2257,5,Perfect quality,2023-08-11,26
928,343,461.0,1600,4,Would buy again,2023-02-03,38
929,606,64.0,2335,4,Very good,2022-10-26,43
930,903,264.0,1457,3,Could be better,2023-05-12,35
932,720,152.0,1323,3,Does the job,2021-12-15,21
933,249,104.0,1678,4,Satisfied with purchase,2020-09-29,16
934,953,225.0,2117,3,It's okay,2023-12-11,24
935,797,491.0,1981,1,Completely unsatisfied,2023-04-03,22
936,637,99.0,303,5,Amazing value,2021-07-15,2
937,693,178.0,2434,5,Excellent product!,2023-07-15,22
938,614,162.0,2179,4,Satisfied with purchase,2021-12-18,7
939,562,195.0,1074,5,Love it!,2023-02-26,45
940,522,99.0,1701,4,Would buy again,2023-09-01,0
941,118,180.0,761,5,Love it!,2023-10-24,29
942,839,47.0,1822,4,Very good,2023-12-25,42
943,326,362.0,75,4,Nice product,2021-12-22,33
944,861,215.0,778,4,Satisfied with purchase,2023-07-05,43
945,287,473.0,218,5,Highly recommend,2023-07-28,24
946,931,500.0,1062,5,Excellent product!,2024-04-29,15
947,979,179.0,2389,5,Amazing value,2021-01-14,48
948,379,380.0,839,4,Nice product,2023-08-30,38
949,903,362.0,915,2,Not great,2022-06-28,21
950,744,438.0,1221,4,Very good,2021-11-20,50
951,970,132.0,78,5,Love it!,2022-01-23,33
953,350,268.0,1672,4,Nice product,2024-04-07,33
954,222,308.0,209,4,Satisfied with purchase,2023-03-27,23
955,826,131.0,2186,5,Amazing value,2023-02-10,39
956,961,454.0,2101,4,Nice product,2023-09-08,6
957,34,120.0,134,4,Good quality,2020-07-02,15
958,963,317.0,448,5,Highly recommend,2024-06-15,44
960,687,363.0,938,3,Decent product,2021-10-07,41
961,483,493.0,2091,1,Waste of money,2023-03-14,37
962,671,258.0,1392,3,Decent product,2023-09-29,50
963,138,477.0,750,5,Perfect quality,2023-09-21,17
964,512,270.0,1306,3,Does the job,2023-01-15,19
965,171,423.0,690,3,It's okay,2023-01-25,25
966,122,169.0,1551,4,Satisfied with purchase,2024-04-02,27
967,655,228.0,1188,2,Disappointing,2021-11-27,41
969,173,498.0,234,3,Could be better,2024-01-02,22
970,236,60.0,322,5,Excellent product!,2022-01-14,25
971,393,209.0,150,1,Very poor quality,2021-12-19,21
972,20,60.0,2286,4,Nice product,2022-10-26,39
973,831,219.0,2028,4,Nice product,2023-08-07,3
974,589,276.0,1014,4,Nice product,2022-11-03,50
975,454,250.0,179,4,Would buy again,2023-10-22,32
976,845,336.0,1718,5,Highly recommend,2022-06-12,48
978,631,442.0,1895,3,Could be better,2024-04-14,26
980,148,221.0,1693,4,Nice product,2023-11-26,24
981,42,417.0,2469,4,Good quality,2022-10-26,13
982,60,364.0,2351,5,Excellent product!,2022-09-20,44
983,871,309.0,1660,3,Could be better,2023-01-09,42
984,499,65.0,1196,2,Below expectations,2023-12-28,24
985,438,452.0,302,2,Poor quality,2023-05-01,42
986,496,192.0,2173,1,Terrible,2022-06-20,32
987,89,468.0,2381,4,Would buy again,2024-05-22,10
988,74,461.0,1874,2,Poor quality,2020-11-09,45
989,94,287.0,17,4,Good quality,2024-02-13,15
990,732,377.0,1016,5,Highly recommend,2023-03-26,37
991,588,251.0,1739,4,Satisfied with purchase,2024-02-23,21
993,293,310.0,1091,4,Very good,2021-05-11,11
994,364,365.0,641,3,Average quality,2023-08-08,43
996,114,224.0,592,5,Perfect quality,2023-10-25,10
997,47,473.0,1989,4,Good quality,2023-05-07,42
998,379,147.0,1168,5,Excellent product!,2023-11-01,39
999,304,63.0,866,4,Good quality,2023-07-23,44
1000,614,162.0,2179,2,Poor quality,2021-12-17,15
1001,860,404.0,748,3,Could be better,2023-07-14,18
1002,26,160.0,744,4,Nice product,2022-07-08,2
1003,50,68.0,2203,4,Good quality,2023-04-12,23
1005,64,224.0,2424,3,Could be better,2023-03-18,9
1006,632,272.0,1506,1,Do not buy,2024-01-16,30
1007,516,487.0,949,3,Average quality,2022-05-05,19
1009,467,425.0,359,3,Does the job,2023-05-26,17
1010,801,370.0,2302,5,Highly recommend,2021-08-31,49
1012,76,43.0,537,3,Decent product,2023-05-24,15
1013,61,1.0,2201,5,Amazing value,2023-01-29,40
1014,359,383.0,1615,2,Not great,2022-03-29,26
1015,989,149.0,2049,3,Could be better,2021-10-05,25
1016,435,105.0,1782,2,Poor quality,2023-09-06,9
1017,429,473.0,1286,5,Amazing value,2023-03-29,15
1018,194,252.0,2342,4,Very good,2022-10-05,24
1019,321,268.0,1215,3,Could be better,2024-04-24,44
1020,922,439.0,356,4,Very good,2023-02-11,16
1021,467,190.0,1885,4,Good quality,2024-04-25,21
1022,250,212.0,1063,4,Very good,2023-11-29,26
1023,157,91.0,193,3,Does the job,2024-03-03,0
1024,691,421.0,1376,4,Would buy again,2021-07-27,34
1025,605,409.0,1203,4,Good quality,2023-07-14,50
1027,560,95.0,766,3,Average quality,2024-04-13,26
1028,145,160.0,335,5,Love it!,2021-06-15,46
1029,194,252.0,2342,4,Good quality,2022-10-15,26
1031,43,293.0,1720,1,Completely unsatisfied,2023-03-21,44
1033,195,299.0,1605,5,Love it!,2024-06-14,36
1035,881,436.0,1022,4,Satisfied with purchase,2024-04-10,36
1036,233,313.0,401,1,Waste of money,2024-03-15,3
1037,194,252.0,889,4,Good quality,2022-06-18,43
1038,564,91.0,1234,1,Terrible,2022-11-01,49
1039,194,240.0,889,4,Would buy again,2022-06-28,29
1044,943,324.0,1055,1,Terrible,2024-03-07,43
1045,177,193.0,136,2,Not great,2020-12-28,13
1046,498,476.0,737,4,Satisfied with purchase,2024-03-15,19
1047,327,335.0,656,4,Would buy again,2023-12-16,38
1048,726,50.0,51,4,Satisfied with purchase,2024-02-21,7
1049,756,2.0,374,4,Very good,2024-05-29,41
1050,729,398.0,648,3,Average quality,2023-01-31,43
1051,158,357.0,1118,5,Amazing value,2023-01-09,40
1053,540,97.0,1431,5,Excellent product!,2023-08-04,38
1054,203,381.0,2023,3,Could be better,2023-01-23,41
1055,786,343.0,402,4,Very good,2022-11-06,21
1056,655,171.0,1188,3,Could be better,2021-11-20,10
1057,713,437.0,1261,3,Could be better,2024-01-23,3
1058,359,127.0,1044,5,Love it!,2024-03-17,9
1059,522,404.0,1686,4,Would buy again,2024-05-26,47
1060,790,414.0,768,3,Could be better,2023-11-11,3
1061,592,58.0,1984,3,Decent product,2020-09-13,20
1062,274,49.0,285,4,Nice product,2024-05-24,28
1063,92,470.0,132,5,Amazing value,2023-09-23,9
1065,553,99.0,1104,2,Poor quality,2022-07-18,10
1066,250,210.0,1063,4,Nice product,2023-12-21,44
1067,387,487.0,330,5,Excellent product!,2021-03-20,10
1068,23,458.0,1656,4,Nice product,2024-04-15,3
1070,106,33.0,265,5,Perfect quality,2024-04-09,45
1071,70,85.0,1775,4,Nice product,2023-03-16,20
1072,347,187.0,1274,2,Disappointing,2020-12-25,26
1073,774,261.0,1161,1,Completely unsatisfied,2023-10-01,44
1074,380,352.0,950,5,Highly recommend,2021-08-08,16
1075,76,43.0,537,4,Good quality,2023-06-04,21
1076,845,336.0,1718,3,Could be better,2022-06-02,28
1078,456,38.0,409,4,Good quality,2023-08-12,31
1080,384,167.0,314,4,Nice product,2024-06-04,0
1082,35,35.0,1988,4,Nice product,2022-07-30,26
1083,965,39.0,1171,3,Could be better,2023-06-13,49
1084,853,128.0,759,5,Highly recommend,2023-11-14,9
1085,438,254.0,1925,5,Amazing value,2024-04-10,38
1086,732,181.0,1016,4,Satisfied with purchase,2023-03-25,19
1087,511,90.0,62,3,Decent product,2023-10-11,50
1088,792,414.0,1390,4,Nice product,2024-04-26,9
1089,733,202.0,1121,5,Excellent product!,2023-07-25,41
1090,92,470.0,132,5,Perfect quality,2023-08-28,28
1091,359,415.0,1615,1,Very poor quality,2022-03-09,31
1092,231,387.0,860,2,Issues with product,2021-05-28,2
1093,287,168.0,826,3,Could be better,2024-01-28,32
1095,355,422.0,420,1,Waste of money,2024-04-07,44
1096,922,133.0,2486,5,Highly recommend,2023-09-08,19
1097,883,360.0,665,5,Amazing value,2023-12-27,23
1098,541,214.0,1526,4,Satisfied with purchase,2021-05-15,37
1099,185,73.0,1571,4,Very good,2022-09-29,11
1101,877,105.0,1126,5,Perfect quality,2023-04-27,35
1103,788,399.0,1737,4,Satisfied with purchase,2022-04-21,43
1104,522,99.0,1701,4,Very good,2023-09-26,25
1105,387,286.0,330,5,Excellent product!,2021-04-05,38
1106,963,88.0,1800,2,Issues with product,2024-03-13,43
1107,183,158.0,426,3,It's okay,2021-03-24,28
1108,393,406.0,1258,1,Terrible,2021-12-23,0
1109,636,350.0,463,4,Would buy again,2024-05-29,6
1110,559,40.0,2237,4,Very good,2021-06-24,29
1111,829,248.0,499,4,Very good,2021-10-14,18
1112,442,486.0,2264,2,Poor quality,2023-11-07,27
1114,954,175.0,899,5,Amazing value,2024-02-27,46
1115,185,369.0,1025,4,Would buy again,2021-06-14,44
1116,243,65.0,657,3,Does the job,2024-01-25,5
1117,558,294.0,280,4,Good quality,2020-12-28,5
1118,438,178.0,225,1,Completely unsatisfied,2022-11-22,0
1119,555,323.0,86,2,Below expectations,2024-05-03,6
1120,443,228.0,1998,4,Good quality,2024-05-21,46
1121,478,1.0,1162,3,Does the job,2022-11-23,9
1123,114,224.0,592,3,Does the job,2023-11-06,30
1124,776,230.0,570,3,Average quality,2022-08-02,43
1125,754,100.0,930,4,Very good,2022-11-09,0
1126,940,328.0,1220,5,Love it!,2024-03-02,30
1128,449,365.0,1109,4,Nice product,2024-04-09,38
1130,529,467.0,852,4,Would buy again,2024-02-20,44
1131,863,70.0,2322,4,Good quality,2023-12-16,14
1133,373,453.0,1180,5,Highly recommend,2024-03-15,38
1134,981,205.0,847,5,Highly recommend,2023-01-09,19
1135,221,95.0,118,3,Average quality,2022-10-09,9
1136,904,184.0,1647,4,Nice product,2024-01-12,47
1137,483,146.0,1492,3,Average quality,2023-06-19,18
1138,157,395.0,799,2,Disappointing,2023-12-15,22
1140,60,364.0,2351,5,Love it!,2022-09-19,18
1141,898,305.0,26,1,Very poor quality,2020-10-03,12
1143,182,269.0,1569,3,Decent product,2023-12-13,14
1144,141,17.0,636,5,Highly recommend,2024-02-27,48
1145,763,146.0,531,4,Nice product,2023-06-22,50
1146,537,320.0,103,4,Would buy again,2023-02-22,34
1147,934,71.0,906,2,Below expectations,2022-01-26,0
1148,64,3.0,277,5,Perfect quality,2023-08-22,31
1149,328,278.0,510,5,Highly recommend,2021-03-31,38
1150,730,159.0,81,4,Good quality,2022-09-06,19
1151,559,222.0,2237,4,Would buy again,2021-06-25,32
1152,498,47.0,1341,2,Disappointing,2023-04-22,39
1154,660,73.0,2132,1,Terrible,2023-02-08,21
1155,469,56.0,2154,4,Satisfied with purchase,2024-03-06,47
1156,733,177.0,1967,1,Very poor quality,2023-11-09,16
1157,792,218.0,1051,3,It's okay,2024-01-19,39
1158,70,92.0,634,4,Would buy again,2023-07-06,11
1159,433,182.0,2208,3,Average quality,2023-11-13,9
1161,522,459.0,549,5,Amazing value,2024-05-19,6
1162,981,233.0,21,5,Excellent product!,2023-03-24,3
1163,29,266.0,1482,5,Amazing value,2021-03-13,44
1164,830,197.0,1655,5,Amazing value,2023-01-29,26
1165,316,392.0,1763,4,Nice product,2024-04-04,35
1166,388,98.0,12,4,Good quality,2023-11-27,14
1167,112,21.0,450,5,Excellent product!,2024-03-19,22
1168,124,473.0,1326,5,Highly recommend,2020-08-03,32
1169,597,85.0,1169,4,Very good,2022-05-25,42
1170,242,310.0,1058,4,Satisfied with purchase,2023-06-05,17
1171,456,73.0,404,4,Nice product,2024-02-25,48
1172,806,58.0,784,1,Waste of money,2023-12-05,42
1173,459,348.0,712,5,Perfect quality,2023-09-07,22
1174,861,364.0,2430,4,Would buy again,2023-10-18,8
1175,85,149.0,304,1,Very poor quality,2023-06-06,34
1176,902,339.0,1730,5,Amazing value,2023-06-26,30
1177,716,380.0,1794,5,Amazing value,2021-09-21,6
1178,861,312.0,158,5,Love it!,2023-12-26,48
1179,871,358.0,1660,5,Highly recommend,2023-01-10,16
1180,650,290.0,1599,4,Nice product,2022-08-05,28
1181,783,324.0,854,3,It's okay,2023-08-11,11
1182,748,141.0,1850,4,Would buy again,2024-04-12,30
1183,288,44.0,2472,5,Perfect quality,2024-02-01,30
1184,835,198.0,606,5,Love it!,2021-06-03,16
1185,462,138.0,1035,4,Would buy again,2023-09-19,31
1186,597,85.0,1169,3,It's okay,2022-05-24,17
1187,707,366.0,2317,3,Average quality,2023-03-03,11
1188,176,331.0,2432,4,Would buy again,2023-04-05,32
1189,897,20.0,1046,4,Nice product,2022-02-28,37
1190,717,36.0,1761,5,Amazing value,2023-01-16,30
1192,460,147.0,1218,3,Does the job,2021-11-01,32
1193,325,168.0,923,3,Could be better,2021-09-24,18
1194,32,120.0,1140,5,Love it!,2024-06-08,0
1195,446,427.0,2063,2,Issues with product,2023-05-09,8
1196,3,462.0,2,5,Amazing value,2024-03-12,13
1197,129,105.0,2334,4,Very good,2020-12-16,21
1198,943,324.0,1055,5,Highly recommend,2024-03-02,44
1199,593,355.0,1687,4,Very good,2023-12-07,37
1201,444,341.0,2141,3,Could be better,2023-11-30,15
1202,328,278.0,510,4,Very good,2021-03-25,9
1203,687,73.0,998,5,Amazing value,2023-10-30,50
1204,3,462.0,2,3,Decent product,2024-02-26,27
1205,849,140.0,919,5,Perfect quality,2021-01-09,7
1206,516,487.0,949,5,Excellent product!,2022-05-03,26
1207,264,303.0,597,4,Would buy again,2022-08-17,45
1208,567,43.0,1461,2,Poor quality,2024-01-14,3
1209,738,80.0,729,5,Highly recommend,2023-02-07,42
1210,796,346.0,2075,4,Nice product,2023-07-09,33
1211,338,396.0,2137,1,Very poor quality,2021-05-02,6
1214,278,47.0,719,4,Satisfied with purchase,2021-02-18,8
1215,700,313.0,2283,4,Good quality,2023-11-30,15
1216,229,188.0,2361,2,Below expectations,2023-11-07,11
1217,577,155.0,2411,5,Highly recommend,2022-12-31,34
1218,138,441.0,289,4,Satisfied with purchase,2023-02-14,19
1219,580,371.0,1205,4,Good quality,2023-10-19,12
1220,22,207.0,2170,5,Excellent product!,2023-04-19,40
1222,754,100.0,930,2,Issues with product,2022-11-29,0
1223,225,104.0,501,4,Satisfied with purchase,2022-08-22,31
1224,9,268.0,1719,4,Very good,2024-05-11,25
1225,269,412.0,1132,4,Good quality,2023-12-21,19
1226,971,232.0,1071,3,Decent product,2021-09-15,32
1227,868,313.0,2306,4,Satisfied with purchase,2022-11-22,27
1228,345,427.0,125,3,Does the job,2024-04-07,33
1229,295,241.0,188,5,Love it!,2024-06-05,35
1230,671,325.0,1387,4,Satisfied with purchase,2024-03-08,8
1234,194,106.0,889,2,Poor quality,2022-07-07,42
1235,206,209.0,192,4,Nice product,2024-01-12,27
1237,880,418.0,1578,4,Good quality,2022-11-18,39
1238,108,370.0,1728,3,Decent product,2023-02-23,45
1239,103,427.0,2044,4,Good quality,2020-08-26,34
1240,850,138.0,177,4,Satisfied with purchase,2023-12-12,34
1241,239,407.0,307,5,Highly recommend,2023-11-23,2
1245,144,354.0,724,3,It's okay,2023-02-17,5
1246,988,42.0,962,4,Satisfied with purchase,2023-12-08,39
1247,488,460.0,1011,4,Would buy again,2023-09-30,50
1248,49,472.0,44,5,Love it!,2023-11-04,47
1249,84,52.0,2355,3,It's okay,2023-01-04,27
1250,963,317.0,448,5,Amazing value,2024-06-16,18
1252,227,226.0,1702,2,Below expectations,2023-11-21,47
1253,765,203.0,561,4,Would buy again,2024-01-20,27
1254,217,158.0,1324,5,Perfect quality,2021-06-30,30
1255,459,187.0,1302,2,Below expectations,2023-09-22,24
1256,433,460.0,2422,5,Love it!,2023-05-04,0
1257,498,421.0,1537,4,Would buy again,2022-07-18,35
1258,278,8.0,2041,3,Does the job,2024-06-16,5
1260,622,185.0,1332,5,Excellent product!,2023-12-02,11
1262,920,290.0,999,4,Satisfied with purchase,2024-06-03,14
1263,293,310.0,1091,3,Does the job,2021-05-14,48
1264,858,87.0,11,5,Perfect quality,2022-10-24,15
1265,457,417.0,1271,3,Could be better,2023-12-12,12
1266,690,298.0,1007,5,Love it!,2021-04-02,28
1267,290,353.0,346,4,Very good,2024-03-30,16
1271,951,475.0,1502,3,Does the job,2021-07-09,22
1273,364,179.0,641,5,Highly recommend,2023-07-16,3
1274,393,209.0,150,5,Highly recommend,2021-12-19,47
1275,905,355.0,831,4,Satisfied with purchase,2024-04-22,35
1276,141,17.0,636,3,Could be better,2024-03-02,1
1277,384,363.0,1478,3,Average quality,2024-05-22,16
1278,507,8.0,1751,1,Waste of money,2023-09-05,21
1279,37,444.0,178,3,Could be better,2022-03-25,38
1280,998,140.0,609,5,Love it!,2022-10-12,50
1281,462,358.0,1035,4,Would buy again,2023-10-04,2
1282,998,129.0,1475,3,It's okay,2021-05-17,30
1283,324,312.0,1781,5,Amazing value,2021-07-25,4
1285,636,264.0,1665,4,Nice product,2024-05-01,40
1286,17,63.0,2079,5,Perfect quality,2024-03-06,41
1288,946,488.0,728,4,Nice product,2023-05-12,50
1289,249,150.0,2294,5,Perfect quality,2024-05-05,38
1290,94,101.0,1401,1,Very poor quality,2022-04-25,42
1291,353,229.0,83,5,Perfect quality,2023-02-16,42
1294,995,108.0,936,4,Satisfied with purchase,2021-06-06,11
1295,478,343.0,2218,5,Amazing value,2023-12-31,4
1297,172,122.0,2324,5,Love it!,2023-09-03,34
1298,212,472.0,2058,4,Good quality,2022-05-01,29
1300,331,36.0,596,5,Highly recommend,2022-02-28,0
1301,381,223.0,1498,4,Would buy again,2023-08-11,10
1304,433,340.0,2208,3,Decent product,2023-11-11,20
1305,64,413.0,2424,4,Nice product,2023-04-07,17
1306,290,36.0,1092,5,Highly recommend,2024-04-07,2
1307,466,331.0,9,4,Very good,2023-11-06,35
1308,151,174.0,1592,4,Satisfied with purchase,2021-02-15,5
1309,200,131.0,1279,2,Not great,2023-09-19,15
1310,197,195.0,344,4,Very good,2021-08-21,7
1311,792,173.0,1390,3,Decent product,2024-04-16,5
1312,611,441.0,1669,5,Highly recommend,2022-05-28,34
1314,502,194.0,1434,3,Does the job,2023-07-27,35
1315,173,408.0,430,4,Good quality,2024-05-02,35
1316,274,60.0,429,5,Excellent product!,2021-03-26,34
1317,617,218.0,1715,4,Very good,2024-01-30,13
1318,381,223.0,1498,3,Does the job,2023-08-09,12
1319,863,351.0,941,3,Could be better,2024-04-22,8
1320,969,273.0,366,4,Would buy again,2023-09-03,10
1321,118,223.0,106,4,Would buy again,2021-08-21,20
1323,650,94.0,1905,5,Perfect quality,2024-06-25,27
1324,897,491.0,1046,4,Good quality,2022-02-28,44
1325,205,336.0,916,5,Perfect quality,2024-04-26,31
1326,413,239.0,1043,3,Does the job,2022-09-01,36
1327,327,93.0,656,4,Good quality,2023-12-03,21
1328,64,224.0,2424,3,Average quality,2023-04-08,40
1330,839,343.0,1822,4,Nice product,2024-01-12,40
1331,566,479.0,1186,2,Not great,2024-03-18,32
1333,352,399.0,1539,4,Good quality,2022-08-22,4
1334,696,69.0,646,4,Nice product,2023-11-06,10
1336,219,427.0,110,4,Satisfied with purchase,2024-05-01,42
1337,672,164.0,886,5,Love it!,2023-12-15,3
1338,637,186.0,1601,5,Amazing value,2023-02-05,32
1339,445,299.0,2089,3,It's okay,2024-03-17,41
1340,504,159.0,466,3,It's okay,2023-11-12,40
1341,767,369.0,1685,5,Excellent product!,2024-02-09,23
1342,324,467.0,2048,4,Good quality,2022-09-11,9
1343,969,414.0,1721,2,Poor quality,2023-12-20,50
1344,466,331.0,9,5,Love it!,2023-11-01,40
1345,173,185.0,1410,4,Nice product,2024-04-09,16
1346,47,101.0,1661,4,Very good,2023-11-19,46
1347,413,239.0,1043,5,Love it!,2022-08-22,3
1349,6,322.0,2463,3,Does the job,2024-03-28,15
1350,821,289.0,1283,3,It's okay,2022-05-03,10
1351,388,97.0,12,5,Perfect quality,2023-12-06,18
1352,438,250.0,225,1,Waste of money,2022-11-11,12
1353,81,445.0,2408,5,Highly recommend,2024-01-16,18
1354,218,467.0,1634,4,Very good,2024-03-08,16
1356,707,281.0,2317,2,Not great,2023-03-10,35
1357,539,252.0,1726,5,Perfect quality,2022-03-17,42
1358,922,142.0,356,3,Could be better,2023-01-31,20
1359,667,250.0,887,4,Very good,2023-11-20,1
1360,608,241.0,1534,3,Could be better,2024-04-28,16
1362,4,311.0,254,2,Poor quality,2022-04-15,9
1363,829,248.0,499,3,Could be better,2021-09-29,5
1365,946,397.0,237,4,Nice product,2022-07-29,50
1366,661,44.0,1548,2,Disappointing,2024-02-03,46
1368,401,429.0,1557,5,Perfect quality,2023-08-06,32
1369,584,181.0,2435,5,Highly recommend,2024-03-04,12
1370,560,215.0,2184,3,Decent product,2021-11-27,44
1371,713,183.0,2158,3,Could be better,2022-12-29,34
1372,96,133.0,355,4,Satisfied with purchase,2022-09-26,15
1373,483,57.0,1492,3,Average quality,2023-06-21,49
1374,506,192.0,2349,2,Not great,2023-03-23,10
1375,89,452.0,2381,4,Satisfied with purchase,2024-05-20,5
1376,982,209.0,45,5,Excellent product!,2023-10-30,18
1377,503,69.0,1716,4,Good quality,2023-04-28,2
1378,286,338.0,2016,3,Decent product,2024-05-03,3
1379,527,306.0,752,4,Nice product,2024-06-05,4
1380,947,60.0,1354,4,Would buy again,2024-01-04,23
1381,205,336.0,916,3,It's okay,2024-05-11,36
1382,794,273.0,1417,2,Issues with product,2021-10-24,37
1383,708,212.0,203,1,Waste of money,2023-08-05,42
1384,603,320.0,1496,3,Does the job,2023-08-07,35
1385,234,180.0,1449,5,Love it!,2023-08-09,28
1386,489,457.0,2246,5,Love it!,2023-01-29,27
1388,543,232.0,1499,5,Highly recommend,2022-04-02,3
1389,449,440.0,566,5,Excellent product!,2023-01-26,30
1390,867,94.0,1129,2,Poor quality,2024-02-29,35
1391,969,308.0,416,5,Excellent product!,2023-04-25,7
1393,221,95.0,118,5,Highly recommend,2022-10-07,2
1394,849,445.0,1663,3,It's okay,2020-07-01,15
1395,875,271.0,2313,5,Love it!,2022-05-17,48
1396,269,450.0,924,5,Love it!,2024-01-07,16
1397,23,458.0,1656,4,Would buy again,2024-03-29,31
1398,524,128.0,836,2,Issues with product,2023-05-23,49
1399,55,13.0,754,4,Very good,2022-05-19,45
1400,194,190.0,2342,4,Good quality,2022-10-18,45
1401,294,421.0,378,3,Could be better,2022-01-05,14
1402,576,117.0,1824,2,Below expectations,2022-03-02,47
1403,288,44.0,2472,3,Could be better,2024-01-11,12
1405,26,412.0,744,4,Nice product,2022-07-21,4
1406,609,27.0,169,2,Not great,2023-04-04,49
1407,504,159.0,466,5,Highly recommend,2023-11-20,1
1408,474,252.0,96,5,Amazing value,2024-05-25,24
1409,481,39.0,1902,5,Love it!,2021-09-22,27
1410,229,198.0,2361,4,Would buy again,2023-10-17,0
1411,194,40.0,889,3,Decent product,2022-06-16,25
1412,204,230.0,773,5,Highly recommend,2024-03-23,43
1413,94,31.0,1653,4,Satisfied with purchase,2023-12-03,15
1414,643,332.0,1239,3,Could be better,2024-01-09,1
1415,588,359.0,1739,4,Good quality,2024-02-22,0
1416,946,455.0,237,5,Amazing value,2022-08-11,4
1417,631,265.0,1895,3,It's okay,2024-04-21,26
1418,840,187.0,536,3,Average quality,2021-12-20,19
1419,817,20.0,767,3,It's okay,2022-12-18,48
1420,204,230.0,773,4,Nice product,2024-04-04,31
1421,168,278.0,1766,3,Decent product,2023-11-10,33
1422,554,119.0,976,4,Nice product,2023-01-12,41
1423,9,294.0,1845,3,Could be better,2024-04-11,38
1425,564,251.0,1234,5,Amazing value,2022-11-02,11
1426,256,448.0,1041,2,Disappointing,2022-07-04,34
1427,739,192.0,946,5,Love it!,2024-04-30,23
1428,459,187.0,1302,4,Good quality,2023-09-22,17
1429,122,198.0,2445,4,Very good,2024-05-12,39
1430,39,99.0,675,5,Amazing value,2021-05-26,50
1431,717,33.0,1761,1,Waste of money,2023-01-31,19
1434,720,152.0,1323,4,Satisfied with purchase,2021-12-15,48
1435,94,322.0,1653,3,Could be better,2023-11-26,35
1436,946,488.0,728,5,Amazing value,2023-05-22,31
1437,914,326.0,1740,3,Decent product,2022-12-11,40
1440,737,18.0,677,3,Average quality,2021-11-04,1
1441,640,175.0,1138,1,Waste of money,2022-08-31,16
1442,106,468.0,1418,4,Nice product,2022-03-04,26
1443,331,47.0,2035,4,Good quality,2022-10-20,27
1444,840,467.0,2169,5,Perfect quality,2021-03-22,25
1445,567,78.0,1461,3,It's okay,2023-12-22,2
1447,460,147.0,1218,4,Very good,2021-11-05,21
1448,903,425.0,336,3,Average quality,2022-06-20,28
1450,256,203.0,543,4,Very good,2022-01-02,16
1451,84,181.0,2355,4,Good quality,2022-12-29,32
1452,121,452.0,975,2,Disappointing,2024-05-10,5
1453,666,145.0,1455,4,Satisfied with purchase,2023-10-06,7
1454,402,331.0,1552,5,Love it!,2022-07-19,24
1455,661,491.0,2029,5,Excellent product!,2023-05-06,34
1456,359,493.0,2064,4,Very good,2021-01-13,24
1457,498,65.0,14,5,Love it!,2023-03-08,24
1458,876,307.0,2046,2,Issues with product,2023-02-02,10
1459,231,387.0,860,4,Very good,2021-06-09,21
1460,845,336.0,1718,3,Does the job,2022-06-08,22
1461,160,183.0,2293,5,Love it!,2023-04-17,25
1462,507,386.0,1627,4,Satisfied with purchase,2023-08-09,32
1463,445,432.0,1409,5,Love it!,2022-12-07,28
1465,926,247.0,1102,2,Disappointing,2023-05-01,1
1468,743,345.0,2459,3,Does the job,2024-05-01,43
1469,498,191.0,737,3,Does the job,2024-04-03,36
1470,689,92.0,1646,4,Would buy again,2024-02-16,27
1471,903,362.0,915,1,Waste of money,2022-06-08,5
1472,516,340.0,1495,2,Below expectations,2023-01-16,8
1473,43,463.0,638,3,Average quality,2023-12-05,33
1474,26,412.0,744,4,Nice product,2022-07-13,17
1475,475,52.0,2316,4,Very good,2024-06-25,46
1476,872,244.0,1829,5,Highly recommend,2023-06-04,13
1477,91,325.0,2215,4,Nice product,2024-04-22,34
1478,560,445.0,2256,4,Very good,2021-09-19,20
1479,374,277.0,1330,5,Highly recommend,2023-04-21,50
1480,184,167.0,88,4,Good quality,2022-03-26,49
1481,597,380.0,2221,5,Amazing value,2023-09-05,26
1482,70,437.0,43,4,Good quality,2022-08-17,34
1483,501,54.0,1560,2,Poor quality,2023-12-31,44
1484,525,341.0,89,5,Excellent product!,2021-04-11,17
1486,222,362.0,1148,5,Perfect quality,2023-07-05,17
1487,38,179.0,2482,3,Could be better,2022-04-16,29
1488,243,269.0,1804,1,Do not buy,2023-12-08,31
1489,316,35.0,1857,5,Perfect quality,2024-04-23,42
1490,617,327.0,749,4,Very good,2023-12-23,11
1491,832,16.0,2341,4,Good quality,2024-05-01,18
1492,871,147.0,554,4,Would buy again,2023-04-22,36
1493,510,172.0,2207,3,Average quality,2021-06-10,5
1494,632,411.0,493,5,Highly recommend,2024-05-26,44
1496,664,96.0,736,4,Good quality,2023-01-20,27
1497,381,431.0,1498,2,Disappointing,2023-07-19,32
1498,727,390.0,438,1,Terrible,2024-06-10,26
1500,522,459.0,549,5,Excellent product!,2024-06-05,28
1501,456,41.0,404,3,Does the job,2024-03-10,37
1502,47,30.0,777,4,Good quality,2024-06-03,48
1503,992,412.0,380,3,Average quality,2022-10-19,20
1504,653,247.0,2466,4,Would buy again,2024-02-11,13
1505,96,133.0,355,4,Satisfied with purchase,2022-09-24,17
1506,954,467.0,899,5,Amazing value,2024-03-06,31
1507,861,180.0,305,5,Excellent product!,2023-07-06,5
1508,540,97.0,1431,4,Would buy again,2023-07-29,6
1509,497,310.0,2394,2,Issues with product,2024-01-30,40
1510,143,234.0,1823,4,Would buy again,2023-06-28,4
1511,650,94.0,1905,5,Love it!,2024-06-07,17
1513,743,345.0,2459,5,Amazing value,2024-04-20,35
1514,963,88.0,1800,3,Does the job,2024-03-01,40
1515,767,249.0,925,5,Love it!,2022-11-03,45
1516,165,277.0,580,4,Satisfied with purchase,2024-02-07,34
1517,1000,446.0,1151,3,Average quality,2022-12-20,10
1518,300,56.0,797,4,Would buy again,2022-10-22,22
1519,723,454.0,937,5,Highly recommend,2024-03-20,35
1520,607,392.0,1891,2,Poor quality,2024-03-13,8
1521,647,454.0,1427,4,Good quality,2023-06-02,17
1522,579,181.0,939,4,Would buy again,2023-06-03,5
1524,224,245.0,696,3,Decent product,2022-01-06,46
1525,566,306.0,2397,5,Excellent product!,2023-04-28,33
1527,702,183.0,1641,5,Highly recommend,2023-10-05,43
1529,454,250.0,179,5,Amazing value,2023-10-19,4
1530,1000,469.0,1004,5,Excellent product!,2022-10-29,46
1531,176,331.0,2432,4,Very good,2023-03-30,7
1532,384,165.0,1478,2,Below expectations,2024-05-05,16
1533,701,34.0,1820,4,Very good,2023-09-13,37
1535,565,414.0,440,5,Love it!,2023-09-21,48
1536,843,301.0,506,4,Good quality,2023-05-21,19
1538,712,140.0,2449,3,Does the job,2023-12-28,31
1539,756,2.0,374,3,Decent product,2024-06-10,34
1540,588,359.0,1739,5,Perfect quality,2024-02-28,11
1541,218,467.0,1634,3,Could be better,2024-02-28,35
1542,35,80.0,1273,4,Would buy again,2024-05-17,0
1543,817,175.0,767,2,Issues with product,2022-12-10,7
1544,695,226.0,1097,4,Good quality,2024-04-19,11
1545,792,218.0,1051,3,It's okay,2024-01-06,5
1546,457,98.0,141,5,Amazing value,2024-06-07,1
1547,565,104.0,1346,4,Satisfied with purchase,2024-06-03,10
1548,525,168.0,1377,4,Nice product,2023-11-11,3
1549,853,128.0,759,4,Would buy again,2023-11-25,46
1551,19,309.0,806,1,Completely unsatisfied,2024-03-03,23
1552,176,177.0,1318,5,Love it!,2024-01-03,13
1553,826,191.0,2186,5,Perfect quality,2023-01-28,4
1554,293,33.0,1091,4,Would buy again,2021-05-12,42
1555,555,142.0,2406,4,Very good,2024-06-23,45
1556,307,301.0,245,1,Terrible,2020-11-15,43
1559,611,456.0,1669,5,Highly recommend,2022-05-24,48
1562,835,129.0,606,5,Excellent product!,2021-06-15,2
1564,625,11.0,2121,5,Highly recommend,2023-04-16,49
1565,123,102.0,562,2,Issues with product,2024-01-11,46
1566,933,148.0,2036,4,Would buy again,2023-02-08,37
1567,144,354.0,724,3,It's okay,2023-02-25,50
1568,426,462.0,468,5,Excellent product!,2022-09-08,32
1569,462,358.0,1035,3,Decent product,2023-09-22,38
1571,534,189.0,1611,3,Could be better,2022-01-23,46
1572,415,124.0,1893,3,Could be better,2024-03-02,26
1573,47,101.0,1661,5,Love it!,2023-11-22,26
1574,124,473.0,1326,3,Could be better,2020-08-25,18
1575,161,3.0,534,4,Good quality,2023-07-07,21
1576,900,484.0,1422,4,Would buy again,2022-07-20,27
1577,378,165.0,1657,4,Good quality,2023-06-07,17
1578,948,439.0,881,2,Issues with product,2020-11-05,10
1580,502,274.0,2198,4,Would buy again,2022-10-18,17
1581,327,308.0,1790,4,Nice product,2024-03-26,0
1585,981,104.0,21,5,Excellent product!,2023-03-08,19
1586,461,43.0,1042,3,Average quality,2022-11-17,9
1588,48,90.0,65,2,Below expectations,2023-09-13,25
1589,593,456.0,840,4,Satisfied with purchase,2024-04-30,13
1590,828,374.0,1197,2,Below expectations,2022-10-30,16
1591,220,463.0,2156,3,Does the job,2024-03-15,14
1592,56,327.0,1780,3,Decent product,2024-06-26,45
1593,319,336.0,2471,5,Highly recommend,2020-08-14,49
1594,588,92.0,1779,5,Excellent product!,2024-06-18,24
1595,362,174.0,1945,3,It's okay,2024-02-15,32
1596,445,299.0,2089,3,Average quality,2024-03-13,29
1597,796,288.0,2075,4,Would buy again,2023-07-12,7
1598,170,17.0,1621,2,Issues with product,2023-06-04,30
1599,607,392.0,1891,5,Amazing value,2024-03-30,1
1600,789,230.0,1564,2,Disappointing,2024-06-19,13
1601,661,44.0,1548,4,Would buy again,2024-01-30,13
1602,294,130.0,741,3,Could be better,2023-05-17,14
1603,816,431.0,494,3,Does the job,2023-11-03,9
1604,874,240.0,1741,4,Good quality,2022-12-14,25
1605,95,436.0,864,3,Decent product,2021-04-06,29
1606,900,466.0,1422,2,Poor quality,2022-07-31,43
1607,483,493.0,2091,3,Does the job,2023-03-23,37
1608,970,389.0,1744,3,It's okay,2022-04-26,14
1609,535,335.0,69,5,Excellent product!,2022-09-24,34
1610,842,473.0,1992,4,Good quality,2022-11-14,41
1611,59,366.0,824,3,It's okay,2023-05-20,47
1612,435,40.0,525,4,Good quality,2022-09-19,12
1613,675,231.0,727,3,Average quality,2022-11-13,7
1615,582,386.0,2013,4,Nice product,2023-08-03,32
1617,861,144.0,158,3,Does the job,2024-01-04,25
1618,432,363.0,2473,4,Very good,2022-02-28,23
1620,697,1.0,701,4,Nice product,2023-12-02,0
1621,923,463.0,246,3,Average quality,2022-01-03,6
1622,716,128.0,2276,4,Good quality,2023-05-30,43
1623,776,24.0,570,4,Would buy again,2022-07-24,36
1624,194,443.0,889,4,Nice product,2022-06-08,41
1625,262,428.0,1214,4,Good quality,2023-11-01,45
1627,293,34.0,1091,4,Good quality,2021-05-11,44
1628,659,382.0,260,2,Disappointing,2023-08-20,42
1629,478,377.0,819,4,Satisfied with purchase,2023-09-13,39
1630,285,346.0,1123,4,Would buy again,2021-10-24,1
1631,39,418.0,551,3,Average quality,2024-06-18,28
1632,403,203.0,1938,3,Decent product,2022-12-17,33
1633,140,40.0,1851,4,Nice product,2022-04-14,16
1634,728,30.0,1078,5,Love it!,2024-01-09,35
1636,316,35.0,1857,3,Decent product,2024-04-02,14
1638,667,85.0,153,4,Nice product,2023-12-08,38
1639,700,313.0,2283,4,Nice product,2023-12-20,13
1640,236,491.0,1745,4,Very good,2024-06-13,23
1641,833,40.0,1698,1,Waste of money,2023-08-23,38
1642,295,76.0,188,4,Nice product,2024-06-11,43
1643,422,498.0,1547,4,Good quality,2023-02-12,23
1644,478,437.0,1162,5,Excellent product!,2022-11-26,21
1646,858,87.0,11,1,Do not buy,2022-10-22,47
1648,834,360.0,1353,4,Would buy again,2024-05-05,42
1649,585,500.0,947,5,Highly recommend,2024-02-07,29
1650,426,356.0,468,3,Does the job,2022-09-05,26
1651,689,462.0,1821,4,Good quality,2023-01-28,36
1652,23,245.0,1546,4,Nice product,2021-10-23,15
1653,726,76.0,1909,2,Issues with product,2024-03-12,46
1654,316,35.0,1857,4,Very good,2024-04-08,33
1655,32,120.0,1140,3,Does the job,2024-06-04,30
1656,395,37.0,390,4,Satisfied with purchase,2022-06-12,20
1657,877,373.0,1126,4,Would buy again,2023-04-30,43
1658,738,80.0,729,4,Satisfied with purchase,2023-02-25,43
1659,614,130.0,1309,5,Love it!,2021-03-27,38
1660,212,305.0,567,3,Does the job,2022-07-17,38
1662,139,319.0,1927,3,Average quality,2023-12-28,36
1663,1000,137.0,1151,3,Does the job,2022-12-18,23
1664,639,260.0,1450,4,Good quality,2023-07-31,4
1665,374,173.0,655,4,Nice product,2023-09-09,13
1666,213,319.0,100,1,Waste of money,2022-12-24,5
1667,393,269.0,2107,1,Waste of money,2023-10-23,29
1668,762,488.0,1975,5,Highly recommend,2024-04-01,24
1670,902,139.0,1730,3,Average quality,2023-06-21,47
1671,902,139.0,1730,4,Would buy again,2023-06-16,46
1673,776,66.0,667,5,Love it!,2022-10-18,46
1675,863,381.0,252,3,Decent product,2023-10-03,17
1676,876,9.0,1736,4,Nice product,2022-04-26,27
1677,116,119.0,1184,4,Very good,2020-07-02,6
1678,809,116.0,508,4,Very good,2023-07-25,0
1679,445,432.0,1409,3,Decent product,2022-12-05,25
1680,149,336.0,1206,5,Excellent product!,2022-12-14,28
1681,810,319.0,256,3,Average quality,2022-06-20,19
1682,138,477.0,750,3,Could be better,2023-09-20,49
1683,742,243.0,740,4,Nice product,2024-01-14,44
1685,450,59.0,418,3,Could be better,2024-04-26,22
1686,9,294.0,1845,4,Good quality,2024-04-03,30
1687,145,493.0,335,5,Excellent product!,2021-06-22,39
1688,923,461.0,246,4,Nice product,2021-12-26,31
1690,368,94.0,1563,2,Below expectations,2022-04-01,49
1691,782,439.0,2073,5,Perfect quality,2022-12-08,35
1692,837,174.0,1094,2,Disappointing,2022-10-29,48
1693,853,356.0,759,4,Satisfied with purchase,2023-12-04,17
1694,777,142.0,1336,4,Nice product,2023-09-06,19
1695,968,180.0,1249,3,Could be better,2023-10-21,13
1696,374,173.0,655,4,Satisfied with purchase,2023-09-11,28
1697,118,9.0,1267,5,Excellent product!,2023-04-05,49
1699,691,3.0,2423,5,Perfect quality,2022-01-24,32
1700,754,488.0,930,5,Excellent product!,2022-11-28,21
1701,913,262.0,626,4,Good quality,2023-12-17,5
1703,853,380.0,842,4,Would buy again,2023-11-26,19
1705,47,101.0,1661,5,Highly recommend,2023-11-05,37
1706,496,192.0,2173,4,Nice product,2022-06-21,15
1707,970,13.0,78,5,Perfect quality,2022-01-24,16
1708,466,10.0,9,4,Nice product,2023-11-12,25
1709,975,391.0,1481,4,Nice product,2023-03-29,32
1710,530,264.0,2054,1,Waste of money,2021-03-25,20
1712,126,62.0,2321,2,Poor quality,2024-01-06,32
1714,859,489.0,319,5,Amazing value,2023-11-19,43
1715,95,436.0,864,4,Would buy again,2021-04-24,38
1717,959,71.0,1558,5,Love it!,2024-06-06,14
1718,834,455.0,1614,3,Average quality,2022-06-03,16
1719,777,142.0,1336,4,Nice product,2023-08-21,11
1721,360,315.0,1561,5,Love it!,2022-04-24,6
1722,227,84.0,1226,4,Would buy again,2023-05-07,15
1723,500,372.0,27,4,Very good,2021-12-29,33
1724,123,102.0,562,4,Satisfied with purchase,2023-12-28,19
1725,335,118.0,456,4,Good quality,2023-12-13,27
1726,863,135.0,1591,1,Very poor quality,2023-12-26,3
1728,679,275.0,337,3,Could be better,2023-09-20,28
1729,483,493.0,2091,3,Could be better,2023-03-22,37
1730,65,84.0,1463,2,Not great,2023-06-20,5
1731,153,333.0,810,3,It's okay,2022-08-23,21
1732,982,209.0,45,1,Waste of money,2023-11-20,36
1733,976,117.0,1814,5,Highly recommend,2023-09-20,20
1734,992,157.0,599,5,Amazing value,2023-05-26,26
1736,577,21.0,1689,5,Excellent product!,2024-04-25,36
1737,352,366.0,623,5,Excellent product!,2022-09-04,50
1739,462,138.0,1035,5,Excellent product!,2023-09-24,33
1740,350,337.0,1420,4,Satisfied with purchase,2023-01-09,23
1741,191,115.0,334,2,Issues with product,2024-02-24,45
1742,446,427.0,2063,5,Highly recommend,2023-04-10,6
1743,943,455.0,1334,5,Amazing value,2024-04-09,20
1746,782,120.0,195,5,Excellent product!,2023-09-02,37
1747,225,304.0,1213,3,Could be better,2023-12-10,50
1748,656,338.0,709,4,Very good,2023-12-23,1
1749,637,274.0,320,2,Disappointing,2023-07-12,22
1750,744,239.0,1221,5,Excellent product!,2021-11-08,5
1751,233,313.0,401,5,Amazing value,2024-03-12,24
1752,496,192.0,2173,5,Excellent product!,2022-06-24,18
1753,170,448.0,111,4,Nice product,2022-12-18,12
1754,649,272.0,2497,5,Perfect quality,2022-06-01,22
1756,443,367.0,1998,3,Decent product,2024-05-24,42
1757,246,337.0,1397,5,Amazing value,2023-05-24,36
1759,116,119.0,1184,4,Would buy again,2020-06-09,32
1760,279,39.0,972,4,Would buy again,2024-04-27,30
1761,507,8.0,1751,1,Terrible,2023-09-15,19
1762,687,457.0,938,4,Satisfied with purchase,2021-10-26,13
1763,935,115.0,1676,5,Amazing value,2024-05-03,45
1764,191,282.0,1575,5,Perfect quality,2024-04-29,31
1765,262,222.0,375,5,Excellent product!,2024-01-09,27
1766,286,242.0,795,2,Issues with product,2021-11-03,13
1767,144,457.0,850,5,Excellent product!,2023-05-04,12
1768,435,265.0,1782,3,Does the job,2023-09-06,8
1769,611,456.0,1669,1,Very poor quality,2022-05-25,42
1770,624,397.0,867,2,Poor quality,2020-12-27,43
1771,914,326.0,1740,2,Below expectations,2022-11-30,23
1772,315,489.0,600,4,Good quality,2022-01-26,9
1773,692,28.0,1970,5,Perfect quality,2022-02-18,0
1775,215,240.0,1768,4,Very good,2023-06-08,44
1776,102,331.0,46,5,Love it!,2023-07-24,26
1777,430,378.0,837,5,Love it!,2022-08-20,2
1778,244,161.0,1236,4,Very good,2021-07-18,37
1779,236,491.0,1745,5,Perfect quality,2024-05-24,27
1780,687,355.0,742,3,It's okay,2023-12-03,7
1781,861,312.0,158,2,Below expectations,2023-12-25,41
1782,914,234.0,8,2,Not great,2023-01-01,7
1783,507,8.0,1751,4,Satisfied with purchase,2023-09-22,42
1785,243,269.0,1804,5,Love it!,2023-12-30,43
1786,249,241.0,814,4,Nice product,2021-07-22,14
1787,243,384.0,2243,3,Average quality,2024-03-08,22
1788,982,209.0,45,4,Nice product,2023-11-21,31
1789,350,233.0,577,4,Satisfied with purchase,2023-09-20,27
1791,564,251.0,1234,5,Love it!,2022-10-21,50
1792,237,482.0,905,3,Does the job,2023-01-20,27
1793,991,462.0,917,4,Nice product,2021-11-28,38
1794,853,135.0,271,5,Excellent product!,2022-12-09,1
1795,762,296.0,2099,5,Highly recommend,2024-01-12,6
1796,315,242.0,590,4,Would buy again,2024-07-05,35
1797,631,389.0,1895,1,Very poor quality,2024-04-15,1
1799,973,297.0,1915,3,It's okay,2022-06-02,9
